,,,,,,,,,Strength of Schedule,,,NCSOS
Rk,Team,Conf,W - L,AdjEM,AdjO,AdjD,AdjT,Luck,AdjEM,OppO,OppD,AdjEM
1,Florida 3,SEC,33-6,28.28,117.9,89.7,66.9,-0.011,8.35,107.7,99.3,-8.46
2,Duke 1,ACC,32-4,27.54,119.4,91.8,69.8,0.047,10.51,108.1,97.6,6.81
3,Texas 2,B12,30-7,25.79,117.5,91.7,63.9,0.039,7.79,106.1,98.3,-0.02
4,Connecticut 1,BE,30-4,25.44,117.8,92.3,68.7,0.077,8.98,107.4,98.4,-3.8
5,Villanova 1,BE,28-5,24.59,116.3,91.7,65.6,0.08,10.79,108.4,97.6,3.17
6,Memphis 1,CUSA,33-4,23.54,113.2,89.6,70.8,-0.007,3.89,103.9,100,7.82
7,UCLA 2,P10,32-7,23.4,112.7,89.3,61.6,0.02,8.3,107.4,99.1,1.6
8,Kansas 4,B12,25-8,23.22,110.4,87.2,67.7,-0.043,6.03,106,99.9,-1.11
9,Illinois 4,B10,26-7,23.2,114.5,91.3,62.1,-0.019,6.77,106.4,99.6,-4.52
10,North Carolina 3,ACC,23-8,22.16,115.9,93.7,70.2,-0.01,9.1,107.6,98.6,-0.83
11,LSU 4,SEC,27-9,22,109.8,87.8,67.5,0.008,10.68,108.3,97.6,1.75
12,Pittsburgh 5,BE,25-8,21.72,112.4,90.6,64.6,-0.031,7.81,108,100.1,-6.92
13,Georgetown 7,BE,23-10,21.29,116.5,95.2,57.8,-0.026,9.58,108.1,98.5,-1.83
14,Ohio St. 2,B10,26-6,20.68,113,92.3,65.2,0.028,6.74,107,100.3,-3.33
15,Washington 5,P10,26-7,20.09,114.8,94.7,71.6,0.007,5.21,105.5,100.3,-7.56
16,West Virginia 6,BE,22-11,19.49,116.1,96.6,62.5,-0.046,10.37,108.4,98,-0.49
17,Tennessee 2,SEC,22-8,19.44,116.6,97.2,71.1,0.012,9.44,108,98.5,-0.74
18,Boston College 4,ACC,28-8,18.65,117.8,99.2,61.5,0.024,7.43,107.1,99.7,-5.69
19,South Carolina 3,SEC,23-15,18.54,114.9,96.4,59.2,-0.057,10.3,108.4,98.1,0.22
20,Arkansas 8,SEC,22-10,18.47,112.2,93.8,66,-0.062,6.35,106,99.6,-4.78
21,Iowa 3,B10,25-9,18.22,103.8,85.6,64.7,0.046,7.86,107.7,99.9,-0.77
22,George Mason 11,CAA,27-8,18.16,109.7,91.5,62.6,0.017,4.11,105.3,101.2,2.16
23,Arizona 8,P10,20-13,17.23,112.2,95,67.7,-0.037,10.53,108,97.5,9.27
24,Kentucky 8,SEC,22-13,17.13,114.4,97.3,64.1,-0.001,10.02,108.2,98.2,3.02
25,Bradley 13,MVC,22-11,16.5,107.5,91,69.3,-0.019,6.94,105.4,98.5,-2.22
26,Wichita St. 7,MVC,26-9,16.06,111.8,95.7,62.6,0.032,6.03,104.7,98.7,0.35
27,Michigan St. 6,B10,22-12,16.02,116.3,100.3,64.2,0.004,8.89,106.4,97.5,-1.03
28,Michigan 1,B10,22-11,15.98,113.1,97.2,67,0.012,7.94,106.7,98.8,-0.97
29,Notre Dame 5,BE,16-14,15.97,117.3,101.4,64.2,-0.145,7.75,108.3,100.5,-4.54
30,N.C. State 10,ACC,22-10,15.92,112.5,96.6,64.4,0.013,6.74,107.1,100.3,-7.99
31,Texas A&M 12,B12,22-9,15.9,106.7,90.8,63,-0.008,4.22,104.8,100.6,-12.2
32,Northern Iowa 10,MVC,23-10,15.84,109,93.1,59.6,-0.025,6.18,104.4,98.2,0.24
33,Gonzaga 3,WCC,29-4,15.64,119.1,103.5,66.3,0.036,4.38,104.4,100,7.98
34,Indiana 6,B10,19-12,15.53,110,94.4,66.5,-0.012,9.77,108.8,99,2.17
35,Missouri St. 2,MVC,22-9,15.52,111,95.5,68.6,0.039,6.14,104.8,98.7,1.8
36,Marquette 7,BE,20-11,15.36,112.8,97.4,68.1,-0.012,8.82,108.6,99.8,-1.71
37,Nevada 5,WAC,27-6,15.22,110,94.8,65.8,0.024,1.9,103.6,101.7,3.89
38,Florida St. 2,ACC,20-10,15.01,110.1,95.1,68.3,-0.033,5.43,106,100.6,-11.7
39,Wisconsin 9,B10,19-12,14.94,111.5,96.6,65.2,-0.024,7.96,106.6,98.6,0.91
40,Air Force 13,MWC,24-7,14.87,113.2,98.3,54.7,-0.001,0.57,102.8,102.2,-6.63
41,Saint Joseph's 2,A10,19-14,14.84,109.8,95,61.9,-0.064,7.64,106.7,99.1,12.4
42,UNC Wilmington 9,CAA,25-8,14.77,107.2,92.4,62.6,-0.006,1.59,103.6,102,0.11
43,George Washington 8,A10,27-3,14.67,110.3,95.6,71.2,0.106,-1.23,101.1,102.4,-15.01
44,Cincinnati 1,BE,21-13,14.27,110.9,96.6,68.5,-0.001,8.99,107,98,2.61
45,Oklahoma 6,B12,20-9,13.99,113,99,62.4,0.049,6.16,105.5,99.3,-0.61
46,Louisville 1,BE,21-13,13.98,108.2,94.2,64.8,-0.041,6.11,106.8,100.7,-8.19
47,California 7,P10,20-11,13.68,110.5,96.8,61.9,0.021,7.59,106.8,99.3,-0.77
48,Southern Illinois 11,MVC,22-11,13.6,102.9,89.3,60.7,0.032,5.81,103.6,97.8,0.44
49,Vanderbilt 4,SEC,17-13,13.58,114.7,101.2,61.9,-0.03,8.56,108.1,99.5,-2.76
50,Syracuse 5,BE,23-12,13.15,110,96.8,68.3,0.077,8.71,107.5,98.8,-3.79
51,Creighton 2,MVC,20-10,13.11,107.2,94.1,62.7,0,5.24,103.7,98.5,-1.08
52,San Diego St. 11,MWC,24-9,12.78,112.8,100,66.1,-0.001,2.27,103.7,101.5,-2.2
53,Oklahoma St. 6,B12,17-16,12.76,107.9,95.2,64.7,-0.096,6.5,106.6,100.1,-1.32
54,Xavier 14,A10,21-11,12.73,110.9,98.2,65.3,-0.065,1.91,103.6,101.6,-3.38
55,Miami FL 3,ACC,18-16,12.71,111.2,98.5,61,-0.039,9.46,108,98.5,-3.68
56,UAB 9,CUSA,24-7,12.65,109.1,96.5,68.5,0.058,1.51,101.8,100.3,0.98
57,Maryland 1,ACC,19-13,12.63,107.6,95,72.4,-0.022,8.02,107.8,99.8,-2.26
58,Bucknell 9,Pat,27-5,12.56,105.7,93.1,61.8,0.092,-3.17,100.2,103.4,7.18
59,Clemson 4,ACC,19-13,12.51,105.9,93.4,68.6,-0.049,6.35,106.2,99.8,-4.81
60,Alabama 10,SEC,18-13,12.48,112.8,100.3,63.4,0.005,9.21,107.7,98.4,1.6
61,Butler 8,Horz,20-13,12,114.9,102.9,58.3,-0.072,1.16,103,101.9,3.14
62,Milwaukee 11,Horz,22-9,11.86,108.3,96.5,67.7,0.017,1.54,104.9,103.4,4.95
63,Hofstra 3,CAA,26-7,11.72,111.3,99.6,66.2,0.097,2.1,102.7,100.6,-3.98
64,Temple 7,A10,17-15,11.38,109.1,97.7,59.9,-0.051,6.84,106.2,99.3,9.95
65,Iona 13,MAAC,23-8,11.33,109.7,98.4,69.6,0.024,0.66,106,105.3,3.83
66,Oregon,P10,15-18,11.31,111.9,100.6,63.6,-0.144,7.33,106.1,98.7,-1.3
67,Old Dominion 5,CAA,24-10,11.15,106.9,95.7,65,0.056,2.16,104.2,102.1,-0.03
68,Pacific 13,BW,24-8,10.87,109.8,99,62.8,0.01,-1.99,102.7,104.7,0.54
69,Utah St. 12,WAC,23-9,10.86,113.4,102.6,60.9,0.026,1.59,102.8,101.2,-2.41
70,Kent St. 12,MAC,25-9,10.54,108.3,97.8,65.7,0.017,0.67,103.2,102.5,-1.52
71,Rutgers 8,BE,19-14,10.41,109.5,99.1,64,-0.002,6.82,106,99.2,-3.96
72,Colorado 4,B12,20-10,10.27,109.2,99,69.9,0.049,4.24,104.4,100.2,-5.98
73,Winthrop 15,BSth,23-8,10.27,104.4,94.2,64,-0.027,-5.29,102.1,107.4,8.15
74,Virginia Tech,ACC,14-16,10.25,108.2,97.9,63.3,-0.149,5.61,105.3,99.7,-9.6
75,Houston 3,CUSA,21-10,10.21,103.5,93.3,67.5,-0.014,1.61,102.6,101,2.22
76,Iowa St.,B12,16-14,10.03,111.2,101.2,69.8,-0.052,6.75,105.6,98.8,1.77
77,Kansas St.,B12,15-13,9.59,105.9,96.3,63.1,-0.097,3.77,105.2,101.4,-6.05
78,Stanford 7,P10,16-14,9.56,105.9,96.4,64.3,0.006,7.73,107.1,99.4,-1.23
79,Providence,BE,12-15,9.47,112.2,102.7,68.7,-0.058,9.18,108.4,99.2,1.71
80,Wake Forest 5,ACC,17-17,9.46,110.4,100.9,66.9,-0.033,8.32,107.4,99.1,-4.51
81,Virginia 8,ACC,15-15,9.41,106.1,96.7,63.8,-0.015,8.79,108.2,99.4,-4.05
82,Minnesota 4,B10,16-15,9.34,104.4,95.1,64.2,-0.016,7,106.1,99.1,-5.16
83,Akron 8,MAC,23-10,9.28,111.1,101.8,64.1,0.037,0.82,102.5,101.7,1.96
84,South Alabama 14,SB,24-7,9.28,109.1,99.9,65.7,0.056,-2.51,100.8,103.3,-3.47
85,UTEP 9,CUSA,21-10,9.13,103.7,94.6,62.1,-0.024,-0.23,101.4,101.6,-0.41
86,Seton Hall 10,BE,18-12,9.06,106.5,97.4,65.7,0.086,6.93,106,99.1,-1.81
87,Montana 12,BSky,24-7,8.95,111.6,102.7,66.2,0.056,-0.62,103.6,104.2,-0.71
88,UNLV,MWC,17-13,8.57,105.3,96.8,66.5,-0.031,3.83,104.9,101.1,2.31
89,Murray St. 14,OVC,24-7,8.56,104.5,96,63.2,0.01,-5.31,102.3,107.6,4.32
90,DePaul,BE,12-15,8.42,110.2,101.8,61.4,0.004,10.47,108.3,97.8,7.26
91,BYU 6,MWC,20-9,7.87,110.1,102.2,70.7,0.074,2.21,103.5,101.3,-2.84
92,Western Kentucky 6,SB,23-8,7.78,111.3,103.5,68.5,0.08,-0.72,102.2,103,1.81
93,Northwestern St. 14,Slnd,26-8,7.51,106.6,99.1,67.6,0.016,-1.45,102.2,103.6,10.25
94,Charlotte 9,A10,19-13,7.45,107.5,100,65.5,-0.004,2.69,103.9,101.2,0.09
95,La Salle,A10,18-10,7.44,107.3,99.8,64.3,0.036,0.34,102.8,102.5,-3.57
96,Louisiana Tech 5,WAC,20-13,7.43,101.1,93.6,64.8,0.029,3.38,104,100.6,2.94
97,Penn 15,Ivy,20-9,7.3,101.8,94.5,64.3,-0.03,-5.06,100,105,1.85
98,Hawaii,WAC,17-11,7.1,106.9,99.8,62.4,-0.024,1.78,102.8,101,0.46
99,Washington St.,P10,11-17,7.1,97.4,90.3,60.1,-0.11,7.35,107.3,100,-1.88
100,Drexel,CAA,15-16,6.95,100.3,93.4,62.5,-0.112,1.99,103.3,101.4,2.99
101,Miami OH 7,MAC,18-11,6.89,104.3,97.5,60,0.019,2.21,104.2,102,6.8
102,USC,P10,17-13,6.74,105,98.3,66.6,0.02,5.63,105.1,99.4,-6.85
103,Georgia Tech,ACC,11-17,6.66,104.8,98.1,68.4,-0.097,7.75,108,100.2,-6.34
104,VCU,CAA,19-10,6.63,107.2,100.5,62.1,0.005,-1.21,101.8,103,-4.72
105,Massachusetts,A10,13-15,6.48,101.1,94.6,65.5,-0.069,4.44,105.4,100.9,4.85
106,Saint Mary's,WCC,17-12,6.46,105.8,99.3,64.2,-0.032,1.65,103.8,102.2,2.54
107,Georgia,SEC,15-15,6.33,103.4,97,68.5,0.025,8.34,108.3,100,-3.35
108,Marist,MAAC,19-10,6.08,113.1,107,64.9,-0.015,-1.06,104.1,105.2,-1.86
109,Ohio,MAC,19-11,6.01,106.4,100.4,64.3,0.02,0.19,103.6,103.4,0.81
110,Northeastern,CAA,19-11,5.9,107,101.1,69.1,0.039,0.53,103,102.4,-0.25
111,Nebraska 6,B12,19-14,5.84,102.9,97.1,64.6,0.057,3.98,104.5,100.5,-9.69
112,Oral Roberts 16,MCon,21-12,5.7,107.1,101.4,66.9,-0.035,-3.45,102.8,106.2,6.88
113,Auburn,SEC,12-16,5.58,104.2,98.6,65.2,-0.018,8.07,107.3,99.2,-1.86
114,Mississippi St.,SEC,15-15,5.53,102.9,97.3,66.7,0.027,5.84,106.4,100.6,-4.37
115,New Mexico,MWC,17-13,5.3,105.4,100.1,60.2,-0.003,1.91,103.9,102,-2.75
116,Penn St. 7,B10,15-15,5.27,109.5,104.2,63.8,0.015,5.25,104.8,99.6,-11.27
117,St. John's,BE,12-15,5.27,97.6,92.3,62.5,-0.038,6.47,106.9,100.5,-7.08
118,Toledo,MAC,20-11,5.17,101.4,96.2,67.5,-0.023,-3.01,101.8,104.8,-6.87
119,San Diego,WCC,18-12,5.14,106.9,101.7,69.6,-0.034,-0.41,103.2,103.6,-3.39
120,Northern Illinois,MAC,17-11,5.1,112.7,107.7,61.9,0.012,0.13,101.8,101.7,3.56
121,Texas Tech,B12,15-17,5.03,105.6,100.6,65.9,-0.012,6.54,105.4,98.9,-1.28
122,Davidson 15,SC,20-11,4.86,109.9,105,66,-0.025,-3.3,101.4,104.7,9.24
123,Northwestern,B10,14-15,4.86,102.8,97.9,58.2,0.005,7.35,107,99.6,-1.24
124,Texas A&M Corpus Chris,ind,20-8,4.83,104.6,99.8,69.3,-0.055,-8.09,98.1,106.1,0.93
125,Saint Louis,A10,16-13,4.56,99.2,94.6,61,0.029,3.05,104.5,101.5,0.97
126,New Mexico St.,WAC,16-14,4.23,105.6,101.4,66.9,0.044,3.88,104.3,100.5,3.5
127,Fordham,A10,16-16,4.12,107.6,103.5,62.7,-0.014,2.41,103.8,101.4,2.91
128,Colorado St.,MWC,16-15,4.09,107.7,103.6,68.2,-0.042,2.83,104.2,101.4,-0.14
129,Holy Cross,Pat,20-12,4.06,100.3,96.3,64.7,0.002,-4.47,99.2,103.7,1.79
130,UC Irvine,BW,16-13,3.38,110,106.6,61.7,-0.025,-2.98,101.9,104.9,-2.01
131,Dayton,A10,14-17,3.15,102.7,99.5,62.3,-0.092,2.52,103.6,101.1,-2.06
132,Siena,MAAC,15-13,3.11,105,101.9,67,-0.008,0.51,105.6,105,4.24
133,Samford,OVC,20-11,3.05,110,107,55.8,0.043,-3.94,102.2,106.2,12.34
134,Manhattan 9,MAAC,20-11,3,107.8,104.8,67.5,0.104,0.87,105.2,104.4,1.99
135,Loyola Marymount,WCC,12-18,2.95,100.2,97.3,70.7,-0.044,4.05,106.2,102.2,5.29
136,Drake,MVC,12-19,2.87,107,104.2,64.4,-0.062,5.96,104.4,98.4,1.53
137,Fresno St.,WAC,15-13,2.78,105.6,102.8,69.2,0.039,2.3,103.8,101.5,1.09
138,Albany 16,AE,21-11,2.63,106.2,103.6,63.8,0.027,-5.65,99.6,105.3,0.12
139,Buffalo,MAC,19-13,2.56,106,103.4,67.3,0.03,-0.68,102.5,103.2,-1.31
140,Utah,MWC,14-15,2.47,104.8,102.4,60.2,-0.026,2.65,104.3,101.7,-2.09
141,Arizona St.,P10,11-17,2.26,104.8,102.6,64.8,-0.027,5.53,105.1,99.6,-6.99
142,Wyoming,MWC,14-18,1.85,99.1,97.3,68.3,-0.03,2.64,104.2,101.6,-3.09
143,Boise St.,WAC,14-15,1.78,101.8,100,69.8,-0.049,0.89,103.7,102.8,-3.08
144,Loyola Chicago,Horz,19-11,1.63,107.5,105.8,65.9,0.078,-0.77,103.6,104.3,-0.71
145,Long Beach St.,BW,18-12,1.54,107.6,106.1,74.1,0.027,-2.38,102.6,105,-2.24
146,Saint Peter's,MAAC,17-15,1,106.2,105.2,66.6,0.041,-0.05,105,105.1,-0.79
147,Mississippi,SEC,14-16,0.93,102.5,101.6,63.8,0.029,4.72,105.4,100.7,-9.77
148,Eastern Washington,BSky,15-15,0.73,106.7,106,65.7,-0.006,0.71,104.8,104,4.19
149,Oregon St.,P10,13-18,0.58,104.4,103.8,64.5,0.031,6.05,105.1,99.1,-5.28
150,Rhode Island,A10,14-14,0.55,104,103.4,62.3,0.043,1.71,103.3,101.6,-2.94
151,Missouri,B12,12-16,0.28,103.9,103.7,64.6,0.034,5.62,105.7,100.1,-4.98
152,San Francisco,WCC,11-17,0.28,103.5,103.2,64.1,-0.017,2.34,104.5,102.2,2.46
153,Louisiana Lafayette,SB,13-16,0.21,98.4,98.2,66.1,0.02,2.14,104,101.9,7.03
154,Baylor,B12,4-13,0.18,102.6,102.4,65.5,-0.046,11.81,108.7,96.9,-99
155,Purdue,B10,9-19,0.14,101.9,101.7,65.5,-0.009,8.25,107.5,99.3,-0.79
156,Sacramento St.,BSky,15-15,-0.01,106.7,106.7,67.9,-0.031,-0.49,104.1,104.6,0.86
157,Northern Arizona 9,BSky,21-11,-0.04,103.9,104,69.2,0.079,-2.6,103.4,106,-3.09
158,Central Connecticut,NEC,18-11,-0.07,109.6,109.6,62,-0.027,-7.66,97.5,105.2,-3.2
159,Middle Tennessee,SB,16-12,-0.22,105,105.3,64.4,0.065,-1.26,102.4,103.6,1.91
160,Santa Clara,WCC,13-16,-0.41,100.7,101.1,64.8,0.014,3.13,105,101.9,5.26
161,Georgia Southern 10,SC,20-10,-0.43,101.2,101.6,72.2,0.077,-5.88,100.5,106.4,-3.48
162,Portland St.,BSky,12-16,-0.59,102.1,102.6,65.6,-0.094,0.03,105.5,105.4,2.41
163,North Dakota St.,ind,16-12,-0.65,103.8,104.4,65,-0.066,-4.34,102,106.4,-1.65
164,Monmouth 16,NEC,19-15,-0.68,95.8,96.4,64.6,0.018,-3.55,101.2,104.7,4.12
165,Belmont 15,ASun,20-11,-0.73,107.1,107.8,69.1,0.024,-8.62,99.7,108.4,5.97
166,Cal St. Fullerton,BW,16-13,-0.77,107.3,108.1,68.2,-0.036,-4.85,100.3,105.2,-6.46
167,Coastal Carolina,BSth,20-10,-0.83,106.5,107.3,61.7,0.069,-6.48,100.4,106.8,1.56
168,Troy,SB,14-15,-0.89,105.4,106.3,64.8,-0.105,-3.23,101.1,104.3,-4.56
169,Illinois St.,MVC,9-19,-0.89,92.8,93.6,61.2,-0.095,4.49,103.8,99.3,-6.25
170,Illinois Chicago,Horz,16-15,-0.95,105.4,106.4,63.9,0.088,0.59,104.1,103.6,3.32
171,South Florida,BE,7-22,-1.01,95.7,96.7,61.6,-0.104,5.82,106.3,100.5,-4.74
172,Denver,SB,16-15,-1.03,98.5,99.6,64.1,-0.01,-2.69,102.5,105.2,-5.37
173,Fairleigh Dickinson 10,NEC,20-12,-1.05,101.5,102.5,69.1,0.037,-5.56,99.8,105.3,4.12
174,UC Santa Barbara,BW,15-14,-1.05,102.2,103.3,62,-0.016,-2.41,102.4,104.8,0.87
175,Valparaiso,MCon,17-12,-1.17,105.1,106.2,69.2,0.003,-5.77,101.7,107.4,0.04
176,Detroit,Horz,16-16,-1.29,104.2,105.5,60,0.048,1.06,104.2,103.1,4.96
177,Lipscomb 10,ASun,21-11,-1.63,100.2,101.8,64.6,0.011,-10.55,99.6,110.1,-4.2
178,IUPUI,MCon,19-10,-1.73,105.4,107.2,60.8,0.064,-5.5,101.9,107.4,2.16
179,Indiana St.,MVC,13-16,-1.77,101.1,102.9,64.7,0.101,5.35,104.4,99,-5.81
180,College of Charleston,SC,17-11,-1.95,99.6,101.5,67.9,-0.044,-7.76,100.1,107.9,-7.95
181,Niagara,MAAC,11-18,-1.99,106.4,108.4,65.2,-0.038,0.43,105.5,105,1.43
182,Sam Houston St.,Slnd,22-9,-2.01,101.5,103.5,67.9,0.159,-3.62,100.8,104.4,3.52
183,Wright St.,Horz,13-15,-2.03,101,103,61,0.016,0.23,104.4,104.2,0.81
184,Loyola MD,MAAC,15-13,-2.13,105.3,107.4,68.8,0.076,-1.68,104.5,106.2,-4.41
185,Stephen F. Austin,Slnd,17-12,-2.23,102.8,105,63.4,-0.09,-7.96,98.1,106.1,-7.41
186,Birmingham Southern,BSth,19-9,-2.26,109,111.2,58.2,0.088,-8.33,99.3,107.6,-5.8
187,SMU,CUSA,13-16,-2.4,98.3,100.7,64.6,-0.113,-4.3,98.6,102.9,-10.33
188,Evansville,MVC,10-19,-2.42,100.4,102.9,67.4,0.046,4.64,103.7,99,-5.9
189,Southeastern Louisiana,Slnd,16-12,-2.64,101,103.6,61.6,0,-4.97,100.5,105.5,1.46
190,UCF,CUSA,14-15,-2.74,99.9,102.6,62,-0.027,-3.23,100.1,103.3,-7.62
191,UT Arlington,Slnd,14-16,-2.86,102.5,105.3,66.2,-0.07,-1.85,102.3,104.1,5.98
192,Lehigh,Pat,19-12,-3.05,96.8,99.8,63.7,0.065,-6.77,98.2,105,-4.09
193,Green Bay,Horz,15-16,-3.06,102.8,105.8,63.1,0.056,-0.04,104.2,104.2,-0.53
194,Binghamton,AE,16-13,-3.19,95.8,99,63.3,0.015,-6.83,100.1,107,-1.6
195,Austin Peay,OVC,17-14,-3.21,102.8,106,66.7,0.032,-5.53,101.6,107.1,-1.38
196,Vermont,AE,13-17,-3.38,98.5,101.9,64.7,-0.067,-3.85,100.2,104.1,2.34
197,Southern 16,SWAC,19-13,-3.4,96.2,99.6,64.8,0.081,-7.68,96.6,104.3,13.07
198,San Jose St.,WAC,6-25,-3.49,95.8,99.3,67.9,-0.14,3.15,105.8,102.7,1.71
199,Ball St.,MAC,10-18,-3.5,98.2,101.7,63.3,-0.092,0.69,103.3,102.6,3.78
200,Idaho St.,BSky,13-14,-3.52,104.6,108.2,71,-0.015,-2.73,102.4,105.2,-4.65
201,Delaware St. 10,MEAC,21-14,-3.57,102.1,105.7,54.5,0.106,-5.11,98.6,103.7,14.07
202,Tennessee Tech,OVC,19-12,-3.63,100.4,104,68.4,0.104,-4.08,102.6,106.7,8.49
203,Boston University,AE,12-16,-3.87,97.1,101,59.3,-0.042,-3.53,100.6,104.1,5
204,Pepperdine,WCC,7-20,-4.31,97.1,101.4,66.7,-0.016,4.77,106.2,101.4,7.44
205,Jacksonville St.,OVC,16-13,-4.4,106.6,111,70,0.033,-5.74,101.3,107,1.05
206,Lamar,Slnd,17-14,-4.44,103.7,108.1,72.2,0.005,-5.79,100.1,105.9,-3.27
207,North Texas,SB,14-14,-4.45,102.5,106.9,71.8,0.001,-1.75,100.8,102.5,-2.27
208,Tennessee St.,OVC,13-15,-4.54,104.2,108.7,65,-0.03,-4.06,102.3,106.3,6.95
209,Tulane,CUSA,12-17,-4.93,94.7,99.6,65.9,0.008,-0.22,101.4,101.6,0.53
210,Canisius,MAAC,9-20,-4.97,103.6,108.5,64.6,-0.066,-0.79,105.3,106.1,-3.32
211,Tulsa,CUSA,11-17,-5.05,94.2,99.2,64.4,0.014,-0.32,101.8,102.1,-1.77
212,Portland,WCC,11-18,-5.14,102.6,107.7,65.6,0.046,1.39,103.2,101.8,0
213,High Point,BSth,16-13,-5.21,100.8,106,70.4,0.041,-5.22,101.3,106.6,-1.57
214,Montana St.,BSky,15-15,-5.26,103.4,108.7,66.7,0.035,-3.89,102.2,106.1,-6.98
215,Arkansas Little Rock,SB,14-15,-5.28,95.6,100.9,64.6,0.012,-3.75,101.1,104.8,-6.34
216,Arkansas St.,SB,12-18,-5.35,104.7,110,67.2,-0.028,-0.8,101.5,102.3,1.27
217,Rice,CUSA,12-16,-5.36,100.2,105.6,65.3,0.03,0.29,101.4,101.1,0.4
218,McNeese St.,Slnd,14-14,-5.56,97.9,103.5,70,0.026,-2.91,100.6,103.5,5.51
219,Georgia St.,CAA,7-22,-5.62,102.3,107.9,63.6,-0.104,2.48,103.8,101.3,0.52
220,East Tennessee St.,ASun,15-13,-5.73,99.7,105.4,73,-0.066,-11.41,98.8,110.2,-3.36
221,Delaware,CAA,9-21,-5.73,96.8,102.6,67.6,-0.033,1.03,103.7,102.6,-5.26
222,Tennessee Martin,OVC,13-15,-5.88,103.3,109.2,67.5,-0.003,-4.06,102,106,8.19
223,Marshall,CUSA,12-16,-6.02,98.1,104.1,65.2,0.034,-2.45,100.6,103,-5.28
224,Furman,SC,15-13,-6.04,102.6,108.7,62.6,-0.016,-6.21,100.6,106.8,-3.91
225,Fairfield,MAAC,9-19,-6.12,106.4,112.5,65.5,0.034,1.45,105.5,104.1,4.71
226,UTSA,Slnd,11-17,-6.13,99.9,106,69.9,-0.081,-3.44,100.6,104,-0.98
227,Elon,SC,15-14,-6.23,97.6,103.8,64,0.076,-2.22,103,105.2,6.26
228,Utah Valley St.,ind,16-13,-6.37,101.8,108.2,59.3,-0.011,-8.52,99,107.5,-7.1
229,Rider,MAAC,8-20,-6.39,100.9,107.3,67.6,-0.035,1,105.1,104.1,2.83
230,Radford,BSth,16-13,-6.48,104.1,110.6,67,0.047,-6.81,99.5,106.3,-3.14
231,New Orleans,SB,10-19,-6.53,99.1,105.6,63,0.002,1.27,102.6,101.3,7.17
232,Western Michigan,MAC,14-17,-6.55,96.6,103.2,64.7,0.103,0.74,103.2,102.5,3.25
233,Cornell,Ivy,13-15,-6.71,98.9,105.6,62.1,-0.029,-6.4,98.9,105.3,-1.4
234,Chicago St.,MCon,11-19,-6.9,101.2,108.1,65.3,0.043,-0.62,104.3,104.9,11.15
235,William & Mary,CAA,8-20,-7.05,98.6,105.7,65.3,-0.07,0.02,102.5,102.4,-8.29
236,Chattanooga,SC,19-13,-7.18,98.8,106,67.1,0.107,-4.99,100.7,105.7,-2.42
237,St. Bonaventure,A10,8-19,-7.24,100.3,107.5,67.5,-0.064,-0.27,103.5,103.8,-4.36
238,Appalachian St.,SC,14-16,-7.25,100.6,107.8,64.1,0.021,-4.79,101,105.8,0.12
239,TCU,MWC,6-25,-7.26,94,101.2,66.5,-0.06,2.91,104.2,101.3,-1.79
240,Robert Morris,NEC,15-14,-7.3,104,111.3,66.7,0.035,-6.65,98.6,105.2,-2.49
241,Hartford,AE,13-15,-7.45,101.6,109.1,65.1,-0.026,-7.53,97.8,105.3,-5.95
242,Mount St. Mary's,NEC,13-17,-7.57,96.8,104.4,63.4,-0.008,-5.99,100.4,106.4,-0.69
243,Cleveland St.,Horz,10-18,-7.75,91.6,99.4,68.1,-0.01,0.06,104.9,104.8,-1.34
244,Western Carolina,SC,13-17,-7.77,99.7,107.5,63.4,-0.036,-3.75,101.4,105.2,2.15
245,Florida Atlantic,ASun,15-13,-7.8,102.4,110.2,65,0.013,-9.93,98.9,108.9,-1.06
246,Richmond,A10,13-17,-7.85,93.6,101.4,55.2,0.088,0.33,102.9,102.5,-4.98
247,Cal Poly,BW,10-19,-7.88,99.8,107.7,62.6,-0.025,-0.7,103.5,104.2,0.71
248,Southern Utah,MCon,10-20,-7.93,101.7,109.6,64.6,-0.1,-4.01,102.6,106.6,1.61
249,Towson,CAA,12-16,-7.97,103.1,111.1,67.4,0.074,-1.76,101.3,103.1,-8.21
250,Weber St.,BSky,10-17,-8.01,99,107,62.6,0.02,-1.02,104.3,105.4,-1.28
251,Wofford,SC,11-18,-8.13,99.6,107.7,63.2,-0.079,-1.74,102.7,104.5,10.23
252,Youngstown St.,Horz,7-21,-8.15,103.5,111.7,63.8,-0.108,-0.85,103.8,104.7,-3.83
253,Quinnipiac,NEC,12-16,-8.19,98.6,106.8,69.9,-0.021,-6.83,99.1,105.9,-6.85
254,Wagner,NEC,13-14,-8.48,97.4,105.8,65.3,0.009,-7.09,98.8,105.9,-5.94
255,Harvard,Ivy,13-14,-8.51,96.8,105.3,69.1,0.016,-7.25,98.2,105.4,-4.13
256,Sacred Heart,NEC,11-17,-8.57,97.6,106.2,65.5,-0.039,-6.71,99.8,106.5,-3.14
257,American,Pat,12-17,-8.62,98.5,107.1,63.7,0.019,-4.39,99.4,103.8,0.15
258,Charleston Southern,BSth,13-16,-8.67,99.6,108.3,65.6,0.007,-4.54,101.6,106.2,2.05
259,Yale,Ivy,15-14,-8.72,96,104.7,68.4,0.069,-7.79,97.7,105.5,-5.38
260,Bowling Green,MAC,9-21,-8.79,97.5,106.3,66.4,-0.012,2.2,104,101.8,1.98
261,Eastern Kentucky,OVC,14-16,-8.9,105,113.9,63.2,0.042,-4.44,102,106.5,2.97
262,Cal St. Northridge,BW,11-17,-9.16,95.6,104.8,69.3,0.038,-2.45,102.8,105.2,-2.91
263,Gardner Webb,ASun,17-12,-9.19,100.4,109.6,62.7,0.159,-7.38,100.4,107.8,9.37
264,Eastern Michigan,MAC,7-21,-9.34,100,109.4,65.4,-0.041,-1.52,101.9,103.4,-3
265,Princeton,Ivy,12-15,-9.35,97,106.4,52.9,0.065,-4.45,99.1,103.5,1.81
266,UMBC,AE,10-19,-9.49,101.1,110.6,65,-0.04,-5.32,100,105.3,-0.46
267,St. Francis NY,NEC,10-17,-9.51,93.1,102.7,64.9,-0.005,-5.65,100.5,106.2,1.1
268,Alabama A&M,SWAC,13-13,-9.65,94.5,104.1,73.4,-0.04,-11.93,94.2,106.1,16.53
269,Jackson St.,SWAC,15-17,-10.25,95.7,106,70.3,0.008,-9.43,95.8,105.2,3.35
270,Oakland,MCon,11-18,-10.34,103.9,114.3,67.8,-0.015,-3.83,102.4,106.2,2.97
271,Hampton 16,MEAC,16-16,-10.4,91.9,102.3,68.5,-0.057,-14.27,93.3,107.6,-8.98
272,East Carolina,CUSA,8-20,-10.62,95.6,106.3,63.3,-0.031,-1.39,100.4,101.8,-2.39
273,UNC Greensboro,SC,12-19,-10.86,99.5,110.3,65.6,0.004,-4.06,101,105.1,0.88
274,FIU,SB,8-20,-10.88,89.6,100.5,65.7,0.009,0,104.4,104.4,3.21
275,South Carolina St.,MEAC,14-16,-11.06,92.4,103.4,64.4,0.05,-8.48,97.3,105.8,7.21
276,IPFW,ind,10-18,-11.07,97,108,62.8,-0.004,-1.56,102.4,103.9,5.14
277,New Hampshire,AE,12-17,-11.16,98.2,109.3,58.7,0.065,-5.32,100.4,105.7,-1.5
278,Southern Miss,CUSA,10-21,-11.24,97.4,108.6,59.9,0.003,1.82,102.4,100.5,0.88
279,UMKC,MCon,14-14,-11.28,102.1,113.4,65.6,0.119,-6.2,101.2,107.4,-2.81
280,Coppin St.,MEAC,12-18,-11.81,95.4,107.2,65.6,0.047,-6.25,97.8,104.1,16.38
281,Stetson,ASun,14-18,-11.9,95.6,107.5,62.7,0.026,-9.58,99.5,109,-1.16
282,LIU Brooklyn,NEC,12-16,-11.97,97.1,109.1,67.5,0.048,-7.47,99.2,106.7,-7.36
283,Louisiana Monroe,Slnd,10-18,-12.19,92.8,105,64.8,0.014,-0.51,103.2,103.7,10.08
284,Arkansas Pine Bluff,SWAC,13-16,-12.43,85,97.5,66.7,-0.04,-11.48,95.3,106.8,3.24
285,Campbell,ASun,10-18,-12.59,101,113.6,75,-0.042,-9.58,99.3,108.9,-2.1
286,Colgate,Pat,10-19,-12.61,92.6,105.2,62.2,-0.046,-6.79,98.2,105,-5.38
287,UC Davis,ind,8-20,-12.64,98.6,111.2,62.5,-0.005,-2.22,102.8,105,-1.77
288,Norfolk St.,MEAC,13-18,-13.1,90.9,104,65.2,0.017,-9.31,96.6,105.9,9.35
289,Idaho,WAC,4-25,-13.12,97.8,110.9,61.6,-0.064,4.16,105.2,101,1.47
290,Alabama St.,SWAC,12-18,-13.52,94,107.5,66.1,0.046,-8.93,97.2,106.1,4.97
291,Florida A&M,MEAC,14-17,-13.66,97.8,111.5,66.7,0.058,-8.95,95.6,104.6,9.14
292,Lafayette,Pat,11-17,-13.77,97.5,111.3,67.9,0.023,-4.42,99.5,103.9,0.69
293,Maine,AE,12-16,-13.93,95.3,109.2,65.4,0.029,-6.37,99.1,105.5,-5.41
294,Bethune Cookman,MEAC,15-15,-14.02,95.3,109.3,66.4,0.085,-11.65,94.5,106.2,2.58
295,UNC Asheville,BSth,9-19,-14.03,97,111.1,67.5,0.06,-1.28,103.7,105,10.17
296,Brown,Ivy,10-17,-14.18,91.3,105.5,63.8,0.038,-7.85,98.4,106.2,-6.54
297,Columbia,Ivy,11-16,-14.65,97,111.7,64.7,0.068,-8.1,97.6,105.7,-7.06
298,Western Illinois,MCon,7-21,-14.8,94.8,109.6,65.1,-0.01,-3.65,103.3,106.9,2.8
299,South Dakota St.,ind,9-20,-15.04,91.6,106.7,67.2,0.067,-0.24,104.2,104.4,5.19
300,Central Michigan,MAC,4-24,-15.05,89.1,104.1,66.3,-0.045,0.23,102.8,102.6,-1.33
301,Duquesne,A10,3-24,-15.17,99.7,114.9,67.1,-0.06,1.75,104.3,102.6,-2.92
302,Northern Colorado,ind,5-24,-15.43,100.3,115.8,65.1,-0.129,-1.39,101.5,102.9,2.89
303,UC Riverside,BW,5-23,-15.5,90.6,106.1,70.2,0.004,-1.31,103.3,104.6,-1.25
304,Navy,Pat,10-18,-15.56,93.7,109.2,69.8,-0.03,-7.57,97.2,104.8,-9.24
305,Grambling St.,SWAC,14-13,-15.7,91.7,107.4,67.6,0.136,-11.5,93.6,105.1,8.92
306,Dartmouth,Ivy,6-21,-15.87,94.8,110.7,62.3,-0.053,-6.69,98.8,105.5,-4.13
307,Nicholls St.,Slnd,9-18,-15.91,96.8,112.7,69.1,0.06,-3.91,100.7,104.6,1.83
308,Kennesaw St.,ASun,12-17,-16.02,97.8,113.8,65.3,0.066,-8.91,99.7,108.6,2.04
309,Southeast Missouri St.,OVC,7-20,-16.32,93,109.3,64.6,-0.028,-5.69,101.2,106.9,-1.82
310,Alcorn St.,SWAC,8-20,-16.39,93,109.4,68.4,-0.004,-7.57,96.6,104.1,8.98
311,James Madison,CAA,5-23,-16.74,96.5,113.2,66.2,0.013,0.88,103.4,102.5,-4.13
312,Longwood,ind,10-20,-16.79,96.9,113.6,71.1,0.016,-7.16,98.4,105.5,-4.95
313,Stony Brook,AE,4-24,-16.88,92.2,109.1,64.5,-0.04,-2.48,101.3,103.8,8.13
314,Eastern Illinois,OVC,6-21,-16.96,92.1,109,61.1,-0.022,-5.19,102,107.1,-1.26
315,Howard,MEAC,7-22,-17.28,93.6,110.9,66.1,-0.086,-10.81,95.8,106.6,1.46
316,VMI,BSth,7-20,-17.85,91.6,109.5,71,-0.05,-6.14,101.2,107.3,-4.19
317,Centenary,MCon,4-23,-18.67,94.1,112.7,66.3,-0.032,-3.56,103.2,106.7,1.75
318,Mercer,ASun,9-19,-18.73,97.1,115.8,67.3,0.002,-11.04,98.3,109.3,-9.96
319,Texas Southern,SWAC,8-22,-19.15,92.2,111.3,69,-0.042,-7.16,97.1,104.3,14.82
320,North Carolina A&T,MEAC,6-23,-19.52,86,105.6,66.9,-0.043,-9.13,97,106.1,4.79
321,Texas St.,Slnd,3-24,-19.94,93.1,113,65.5,-0.049,-3.62,100.9,104.5,0.3
322,Mississippi Valley St.,SWAC,9-19,-20.03,93.9,113.9,61,0.06,-9.26,95.8,105.1,7.76
323,Liberty,BSth,7-23,-20.15,91.2,111.3,65,0.004,-3.79,102.1,105.9,-0.69
324,North Florida,ASun,6-22,-21.22,94.5,115.7,65.5,-0.093,-10.68,98.3,108.9,-7.28
325,Maryland Eastern Shore,MEAC,7-22,-21.28,90.7,112,69.6,0.007,-10.64,95.2,105.8,0.41
326,St. Francis PA,NEC,4-24,-21.49,93.9,115.4,60.5,-0.021,-4.9,100.5,105.4,0.03
327,Texas Pan American,ind,7-24,-21.53,88.4,110,65.5,-0.045,-1.98,102.1,104.1,3.29
328,Morehead St.,OVC,4-23,-21.58,91.1,112.7,63.9,-0.068,-4.59,101.8,106.4,1.69
329,Jacksonville,ASun,1-26,-22.53,93.2,115.7,72.1,-0.084,-6.87,100.7,107.6,7.28
330,The Citadel,SC,10-21,-24.46,91,115.4,64.8,0.042,-7.49,99.4,106.9,-13.27
331,Army,Pat,5-22,-26.5,87.9,114.4,60.4,-0.028,-6.81,97.8,104.6,-9.89
332,Prairie View A&M,SWAC,5-24,-27.79,86.9,114.6,71.3,-0.066,-9.93,95.8,105.7,2.1
333,Morgan St.,MEAC,4-26,-31.06,79.4,110.5,65.1,0.02,-8.67,97.1,105.8,6.21
334,Savannah St.,ind,2-28,-38.11,80.4,118.6,67.7,-0.007,-4.43,100.2,104.7,-3.72