,,,,,,,,,,,,,Strength of Schedule,,,,,,NCSOS,
Rk,Team,Conf,W - L,AdjEM,AdjO,AdjO - Rank,AdjD,AdjD - Rank,AdjT,AdjT - Rank,Luck,Luck - Rank,AdjEM,AdjEM - Rank,OppO,OppO - Rank,OppD,OppD - Rank,AdjEM,AdjEM - Rank
1,Houston,Amer,22-2,29.53,120.5,6,91,8,62.8,347,0.023,133,3.53,87,106.9,88,103.4,89,0.37,159
2,Tennessee,SEC,19-4,27.61,111.5,60,83.9,1,66.6,208,-0.003,195,6.27,49,107.4,69,101.1,29,3.07,83
3,UCLA,P12,19-4,26.77,115.7,23,89,3,65.8,251,-0.016,223,7.6,33,109.2,22,101.6,47,1.47,129
4,Purdue,B10,22-2,26.57,121,1,94.5,21,63.7,332,0.012,156,7.68,29,108.8,34,101.1,32,1.26,138
5,Alabama,SEC,20-3,26.03,116.3,20,90.2,5,73.5,1,0.088,26,9.64,11,109.9,14,100.3,16,9.08,8
6,Connecticut,BE,18-6,24.41,118.7,9,94.3,20,67,185,-0.063,309,7.01,37,108,53,101,28,-0.07,172
7,Saint Mary's,WCC,21-4,23.64,113.3,42,89.6,4,61.7,359,-0.026,249,4.26,79,108.5,39,104.2,110,3.72,69
8,Marquette,BE,19-5,22.61,120.8,4,98.2,54,68.8,98,-0.064,310,7.15,36,108.6,37,101.4,44,-0.88,199
9,Texas,B12,19-4,22.43,117.9,13,95.4,27,69,93,0.072,45,8.7,19,109.1,26,100.4,18,-0.91,200
10,Arizona,P12,21-3,22.32,118.7,10,96.4,36,72.1,11,0.078,34,6.95,38,107.3,71,100.4,17,3.83,67
11,Kansas,B12,18-5,21.79,115.2,27,93.5,17,68.8,97,0.085,28,12.47,1,110.7,5,98.2,2,7.12,19
12,Creighton,BE,15-8,21.27,114.7,29,93.4,16,68.1,129,-0.105,350,8.51,21,109.8,15,101.3,36,5.35,38
13,Baylor,B12,17-6,21.22,120.9,3,99.6,74,67.1,179,0.033,113,10.16,7,110.3,7,100.1,13,1.64,120
14,West Virginia,B12,14-9,20.46,117,16,96.5,38,68.3,118,-0.106,351,10.37,6,110.3,6,99.9,10,2.54,98
15,Rutgers,B10,16-7,20.37,107.8,120,87.4,2,66.2,232,-0.065,313,5.69,58,109,30,103.3,87,-6.45,335
16,Virginia,ACC,17-4,20.36,115.7,24,95.3,26,62,357,0.03,121,6.59,43,109.1,28,102.5,65,2.29,105
17,TCU,B12,17-6,20.13,113.5,41,93.3,15,70.1,40,-0.024,241,6.51,44,107.9,54,101.4,42,-6.32,331
18,Gonzaga,WCC,19-5,20.09,120.3,7,100.2,82,70,43,0.049,80,7.94,24,110.1,8,102.2,58,9.53,6
19,Iowa St.,B12,16-6,20.03,111.3,62,91.3,11,64.3,314,0.022,135,9.49,12,110.9,3,101.4,40,-0.91,201
20,Indiana,B10,16-7,19.07,116.4,18,97.4,41,68.4,116,-0.003,196,7.65,32,109.3,19,101.6,48,-3.74,285
21,Xavier,BE,19-5,19.06,120.6,5,101.6,101,71.2,23,0.039,97,9.36,14,110,11,100.7,21,4.54,51
22,San Diego St.,MWC,18-5,18.92,114.5,30,95.6,31,67.1,181,0.021,138,7.69,28,109.1,27,101.4,41,6.93,22
23,Maryland,B10,16-7,18.92,114,35,95.1,24,65.1,283,0.008,169,6.91,40,108.3,46,101.4,43,-3.3,272
24,Auburn,SEC,17-6,18.6,111.5,59,92.9,12,67.6,150,-0.013,218,6.68,42,107.4,70,100.7,23,3.76,68
25,Illinois,B10,16-7,18.57,112.4,50,93.9,18,69.2,79,-0.025,246,6.29,48,107.6,63,101.3,38,-4.61,309
26,Kansas St.,B12,18-5,18.39,113.7,37,95.3,25,69.4,65,0.056,63,8.29,22,108,52,99.7,6,-1.17,211
27,Arkansas,SEC,16-7,18.14,111.1,66,93,13,69.1,81,-0.037,273,6.3,47,108.5,38,102.2,59,2.97,85
28,Providence,BE,17-6,17.81,116.7,17,98.9,61,66.8,198,-0.017,226,5.06,71,107.6,64,102.6,67,-7.6,350
29,Oklahoma St.,B12,14-9,17.65,108,114,90.4,7,67.5,156,-0.059,305,9.71,10,109.7,17,100,11,1.1,145
30,Duke,ACC,17-6,17.56,113.1,44,95.5,28,65.4,269,0.041,93,6.24,50,109.1,24,102.9,75,2.9,88
31,Boise St.,MWC,18-6,17.4,108.6,108,91.2,9,66.8,199,-0.01,207,5.17,68,108.3,44,103.2,83,0.95,147
32,Iowa,B10,15-8,16.96,120.9,2,104,147,69.7,53,-0.032,263,8.59,20,107.9,56,99.3,3,-1.6,229
33,Kentucky,SEC,16-7,16.83,116.3,19,99.5,69,65.4,273,0.006,172,5.37,63,107.8,57,102.5,63,-0.07,173
34,Florida Atlantic,CUSA,22-2,16.58,114.1,33,97.5,43,67.7,144,0.069,48,0.61,126,105.2,154,104.6,124,-2.93,264
35,Ohio St.,B10,11-12,16.57,117.1,15,100.5,88,66.9,188,-0.187,363,8.94,16,108.8,35,99.9,9,-2.4,253
36,North Carolina,ACC,15-8,16.46,114.1,32,97.7,44,68.6,109,-0.062,307,7.8,25,109.2,20,101.4,45,7.66,16
37,Miami FL,ACC,18-5,16.18,118.7,11,102.5,116,68.1,126,0.013,154,5.17,67,107.2,75,102,54,-0.94,202
38,Texas A&M,SEC,16-7,15.95,114.9,28,99,62,66.4,222,-0.01,205,3.7,84,106.2,114,102.5,66,-1.73,233
39,Florida,SEC,13-10,15.89,107.1,133,91.2,10,69.1,85,-0.076,329,8.83,17,110,13,101.1,31,5.2,41
40,Utah St.,MWC,19-5,15.45,118.6,12,103.2,128,68.2,124,0.055,67,5.13,69,107.7,60,102.6,69,2.9,87
41,Memphis,Amer,17-6,15.32,113,46,97.7,45,71.7,18,-0.092,345,4.92,74,107.2,73,102.3,60,5.65,36
42,Michigan St.,B10,14-9,15.12,110.9,70,95.8,32,64.9,296,0.027,124,11.55,2,111.4,1,99.8,8,4.96,45
43,Nevada,MWC,18-6,15.12,112.6,48,97.5,42,65.9,248,0.047,86,6.92,39,109,29,102.1,56,3.35,76
44,USC,P12,17-6,15.06,113.1,45,98,49,67.9,132,0.049,81,6.72,41,106.5,102,99.7,7,1.13,144
45,Mississippi St.,SEC,15-8,14.89,105.2,178,90.3,6,63.7,330,-0.008,200,5.57,60,106.7,96,101.1,33,-3.51,279
46,New Mexico,MWC,19-4,14.53,114.1,31,99.6,73,71.1,27,0.017,145,2.66,96,106.8,92,104.1,107,-2.23,248
47,N.C. State,ACC,19-5,14.52,113.5,39,99,63,69.5,60,0.04,94,2.12,106,107.2,77,105.1,153,-4.83,312
48,Virginia Tech,ACC,14-9,14.28,114,36,99.7,75,66.6,209,-0.082,334,5.89,54,108.3,47,102.4,62,-3.6,282
49,Liberty,ASun,19-6,14.27,111.3,63,97,40,63.5,337,-0.026,248,-2.62,248,104,231,106.7,252,1.56,125
50,Oregon,P12,14-10,14.13,113.6,38,99.4,68,66.7,201,-0.002,190,9.39,13,108.8,36,99.4,4,5.41,37
51,Seton Hall,BE,15-9,14.07,107.1,134,93,14,66.5,219,0.015,150,9.09,15,109.8,16,100.7,22,3.59,71
52,Penn St.,B10,14-9,14.04,115.5,25,101.5,98,64.7,302,-0.02,234,7.28,34,108.4,41,101.1,34,-4.11,298
53,Oral Roberts,Sum,21-4,13.91,116.2,21,102.3,110,70.9,28,0.067,51,-3.4,263,104.3,215,107.7,298,8.28,12
54,Missouri,SEC,17-6,13.86,118.9,8,105.1,174,70.2,36,0.081,31,5.3,66,107.1,82,101.8,51,-3.98,293
55,Utah,P12,16-9,13.78,109.3,90,95.5,29,66.3,230,-0.051,292,3.06,91,105.7,134,102.7,71,-4.85,313
56,Oklahoma,B12,12-11,13.72,112.4,51,98.7,57,64.7,303,-0.027,255,11.35,3,109.1,25,97.8,1,3.96,65
57,Michigan,B10,13-10,13.25,112.6,49,99.3,67,67.7,143,-0.032,262,7.78,26,109.5,18,101.7,49,0.46,158
58,Northwestern,B10,16-7,12.98,109,97,96,34,65.4,270,0.057,62,5.71,57,106.9,90,101.2,35,-3.5,278
59,Colorado,P12,14-11,12.9,106.8,144,93.9,19,69.6,59,-0.097,346,5.03,73,107.1,79,102.1,55,2.63,95
60,Cincinnati,Amer,16-8,12.65,110.4,77,97.8,46,68.4,115,-0.018,230,2.28,102,107,86,104.7,134,-2.9,262
61,Pittsburgh,ACC,16-7,12.17,112,54,99.8,77,66.8,195,0.052,75,4.37,75,108.4,42,104,105,-3.54,280
62,Washington St.,P12,10-15,11.99,110.8,71,98.8,60,63.9,324,-0.145,361,10.57,5,110,12,99.4,5,4.52,54
63,UCF,Amer,13-9,11.77,109.7,87,97.9,48,64,322,-0.071,325,4.33,77,107.8,58,103.5,90,-0.15,176
64,North Texas,CUSA,19-5,11.51,107.6,124,96.1,35,58.6,363,0.096,21,1.59,113,105.9,125,104.3,117,1.66,118
65,Wake Forest,ACC,15-9,11.37,115.3,26,103.9,144,69.1,82,-0.01,209,5.08,70,107,84,101.9,53,-1.46,222
66,Arizona St.,P12,16-8,11.32,107.9,118,96.6,39,68.3,119,0.048,83,5.53,62,107.2,74,101.7,50,-0.21,180
67,Wisconsin,B10,13-9,11.22,106.3,152,95.1,23,62.7,348,0.033,114,9.86,9,110.7,4,100.9,25,1.32,136
68,Clemson,ACC,18-6,11.1,109.2,96,98.1,53,68.1,128,0.03,120,1.65,111,106.8,93,105.1,156,-5.48,321
69,Texas Tech,B12,12-11,11.04,110.3,80,99.3,66,67.1,180,-0.073,327,6.06,53,109,31,102.9,73,-6.52,338
70,Villanova,BE,10-13,10.89,112.7,47,101.8,106,63.5,335,-0.118,357,8.73,18,110.1,9,101.4,39,3.88,66
71,UAB,CUSA,17-7,10.85,111.2,65,100.3,84,71.2,24,-0.065,311,-0.89,184,104.5,196,105.4,177,-4.41,303
72,Dayton,A10,15-9,10.61,108.7,105,98,51,63.8,328,-0.069,319,-0.68,179,104.4,204,105.1,157,-1.85,237
73,BYU,WCC,16-10,10.51,106.1,159,95.6,30,70,41,-0.085,335,3.13,90,107.1,80,103.9,103,1.29,137
74,Yale,Ivy,16-6,10.32,109.9,86,99.6,72,65.7,257,-0.035,269,-1.62,217,103.1,286,104.7,131,0.2,163
75,VCU,A10,18-6,10.25,105.3,176,95,22,68.3,122,0.025,128,0.07,147,104.8,182,104.7,133,-1.98,239
76,Marshall,SB,19-6,10.17,110.9,69,100.7,90,71.1,25,-0.07,322,-3.56,268,103.5,272,107.1,272,-4.39,302
77,Kent St.,MAC,18-5,10.12,106.6,150,96.5,37,67.6,153,0.003,183,-0.77,182,105.9,126,106.7,253,2.98,84
78,Sam Houston St.,WAC,17-6,9.99,108,113,98.1,52,64,323,0.035,108,2.84,93,106,122,103.1,82,7.84,15
79,Charleston,CAA,22-3,9.99,110.9,68,101,92,70.3,35,0.045,88,-3.58,270,104,237,107.6,293,-1.23,212
80,Tulane,Amer,15-7,9.36,111.4,61,102.1,107,72.5,8,-0.008,203,0.32,138,105.1,159,104.8,140,-6.5,337
81,Iona,MAAC,16-7,9.24,108.8,102,99.6,71,69.2,74,-0.02,237,-1.27,201,103.8,247,105.1,159,4,63
82,UNLV,MWC,15-8,8.93,109,98,100,79,69.5,61,-0.028,256,3.04,92,106.6,99,103.6,94,-2.08,242
83,Bradley,MVC,17-8,8.64,107.4,127,98.8,59,65.5,266,0.008,168,-1.12,194,103.6,265,104.7,137,0.74,151
84,Utah Valley,WAC,18-6,8.6,107.1,136,98.5,56,68.9,95,0.055,66,2,107,106.4,104,104.4,123,4.54,52
85,Syracuse,ACC,14-10,8.6,111.9,55,103.3,131,67,187,-0.031,260,2.25,104,107.1,81,104.8,141,-4.3,300
86,Furman,SC,19-6,8.48,113.5,40,105,173,68.6,108,-0.02,236,-3.12,258,104.6,191,107.7,302,-2.31,251
87,St. John's,BE,14-10,8.47,108.5,109,100.1,80,73.3,2,0.023,132,5.31,65,107.2,76,101.9,52,-6.53,339
88,Southern Miss,SB,21-4,8.34,109.3,92,101,93,67.7,141,0.066,53,-2.16,235,103.8,252,106,210,-3.56,281
89,Drake,MVC,19-6,8.25,107,139,98.7,58,66.3,229,0.041,92,-1.89,228,103.9,246,105.7,197,-1.46,223
90,Santa Clara,WCC,17-8,8.12,110.7,75,102.6,119,69.8,49,0.094,22,4.36,76,107.9,55,103.5,91,0.56,154
91,James Madison,SB,17-8,7.68,106.9,142,99.2,65,70,42,-0.066,317,-1.83,227,103.3,281,105.1,161,-3.88,291
92,Saint Louis,A10,15-8,7.67,111.6,58,104,145,68.7,106,0.039,98,2.49,101,105.2,153,102.7,72,4.33,57
93,Louisiana,SB,20-4,7.62,113.2,43,105.6,187,68.7,107,0.093,23,-1.36,208,103.6,266,105,149,-0.07,171
94,UC Irvine,BW,15-8,7.37,108.7,103,101.4,97,69.2,78,-0.065,312,0.16,144,104.1,225,104,104,2.81,89
95,Akron,MAC,17-6,6.8,107.5,126,100.7,89,64.3,313,0.049,82,-2.64,250,104,238,106.6,248,0.06,166
96,Stanford,P12,10-13,6.68,110.4,76,103.7,141,65.5,265,-0.116,355,5.31,64,106.6,101,101.3,37,-0.03,169
97,Nebraska,B10,11-13,6.66,104.5,190,97.9,47,65.9,247,0.025,127,10.97,4,111.2,2,100.2,15,2.42,101
98,Loyola Marymount,WCC,16-9,6.63,109.2,95,102.6,117,67.3,168,0.051,78,2.73,94,108.1,51,105.4,176,0.71,152
99,Hofstra,CAA,17-8,6.55,110.8,72,104.2,156,67.1,178,0.063,58,0.53,132,105.3,148,104.7,136,7.61,17
100,Vanderbilt,SEC,11-12,6.39,111.9,56,105.5,186,65.8,249,0.008,165,7.67,30,108.3,45,100.7,20,1.63,121
101,UC Santa Barbara,BW,18-4,6.35,107.9,117,101.5,100,64.8,299,0.008,163,-4.98,309,101.6,339,106.6,246,-3.75,288
102,San Francisco,WCC,15-11,6.27,108.4,111,102.1,108,69.5,63,-0.034,266,1.95,109,106.2,116,104.2,111,-3.33,274
103,Toledo,MAC,17-6,5.94,117.1,14,111.2,300,70.2,38,0.029,122,-3.5,266,103.7,256,107.2,280,-1,205
104,Washington,P12,13-12,5.92,106.2,155,100.3,83,69.1,80,0.054,69,7.74,27,107.8,59,100,12,-1.13,210
105,Indiana St.,MVC,16-9,5.88,108.6,106,102.8,123,70.9,29,-0.085,336,-4.08,285,102.4,313,106.5,238,-6.55,340
106,San Jose St.,MWC,14-9,5.87,110.7,74,104.9,169,62.5,350,0.054,70,3.17,89,106.9,89,103.7,98,-2.21,246
107,Mississippi,SEC,9-14,5.6,106.8,143,101.2,95,65.7,259,-0.079,330,7.2,35,108.3,48,101.1,30,1.41,132
108,Temple,Amer,14-10,5.51,106.7,146,101.2,94,66.2,236,0.066,54,3.92,83,106.4,105,102.5,64,0.86,149
109,Cornell,Ivy,15-7,5.5,115.9,22,110.4,288,71.7,21,-0.052,293,-1.95,230,103.9,239,105.9,204,-3.93,292
110,Princeton,Ivy,16-6,5.48,109.3,93,103.8,143,67.2,174,0.011,158,-3.32,260,103.2,282,106.6,245,-4.55,307
111,Butler,BE,11-13,5.47,105,181,99.5,70,66.1,243,-0.011,212,9.93,8,110.1,10,100.2,14,1.38,135
112,Duquesne,A10,15-8,5.22,110,85,104.7,166,67.5,160,0.016,148,-1.55,211,104.9,174,106.5,236,-4.38,301
113,Montana St.,BSky,17-8,5.18,105.6,166,100.4,85,66.3,228,0.034,110,-1.09,191,106.2,115,107.3,284,4.6,50
114,Southern Utah,WAC,16-8,4.92,109.5,88,104.6,163,71.7,20,0.033,112,2.56,99,105.8,129,103.3,86,4.27,58
115,UNC Greensboro,SC,16-9,4.83,100.6,271,95.8,33,65.7,258,-0.006,199,-1.11,193,106.3,109,107.4,287,3.53,72
116,Georgia,SEC,14-9,4.76,107.1,132,102.4,111,67.3,167,0.077,35,2.22,105,105.9,127,103.7,96,-7.01,344
117,Southern Illinois,MVC,18-7,4.73,102.7,225,98,50,63.7,331,0.063,57,-1.98,231,104.2,222,106.1,221,-2.74,260
118,Wichita St.,Amer,12-11,4.72,104.5,191,99.8,76,65.8,250,-0.05,290,1.78,110,105.7,135,103.9,102,-1.97,238
119,Charlotte,CUSA,13-10,4.7,107.6,123,102.9,125,60.1,362,-0.066,314,-1.29,203,104.3,212,105.6,189,-5.87,324
120,Middle Tennessee,CUSA,15-9,4.53,105.8,162,101.3,96,67.4,166,0.029,123,1.43,114,106.6,100,105.2,164,2.24,106
121,Youngstown St.,Horz,19-6,4.41,114.1,34,109.6,269,67.1,177,-0.019,231,-6.51,338,102.4,312,108.9,346,-5.44,320
122,Colgate,Pat,17-8,4.23,112.2,52,107.9,230,67.1,182,-0.018,229,-5.03,311,102.2,316,107.3,283,-0.14,175
123,Grand Canyon,WAC,15-8,4.18,110.3,81,106.1,192,64.4,309,0.035,107,0.43,135,104.6,195,104.1,109,-0.57,184
124,Stephen F. Austin,WAC,15-9,3.9,106.6,149,102.7,122,69.3,72,-0.038,275,0.02,150,105,167,105,150,-0.78,196
125,Colorado St.,MWC,10-14,3.71,111.1,67,107.3,220,66.4,221,-0.098,348,5.55,61,107.7,62,102.2,57,1.52,128
126,LSU,SEC,12-11,3.6,106.3,154,102.7,121,65.5,267,0.078,32,6.17,51,107.7,61,101.5,46,-6.01,326
127,Eastern Washington,BSky,18-7,3.48,110.3,78,106.9,206,68.8,100,0.107,16,-1.76,223,104.7,186,106.5,237,1.53,127
128,Hawaii,BW,17-7,3.43,103.3,216,99.8,78,65,294,-0.01,208,-4.36,295,102.1,322,106.5,242,-6.06,327
129,Belmont,MVC,17-8,3.35,110.7,73,107.4,222,67.7,142,0.064,56,-1.3,205,103.9,241,105.2,169,0.55,155
130,Vermont,AE,13-10,3.03,107,137,104,149,64.4,311,0.012,157,-0.12,155,105.1,161,105.2,167,5.11,43
131,Towson,CAA,16-8,2.9,107.9,116,105,172,63.2,341,-0.013,217,-4.63,302,102.6,304,107.3,282,-3.3,273
132,Davidson,A10,11-12,2.89,107.7,122,104.8,168,65.5,268,-0.059,304,1.63,112,105.2,149,103.6,93,-1.37,219
133,Quinnipiac,MAAC,17-7,2.85,105.3,175,102.5,114,69.5,62,-0.027,253,-4.88,306,101.1,347,106,209,-2.59,257
134,Seattle,WAC,16-8,2.84,103.1,220,100.2,81,69,88,0.089,25,0.36,137,105.4,143,105.1,155,-0.07,174
135,Samford,SC,16-9,2.81,110.3,79,107.5,224,66.8,200,-0.014,219,-3.58,269,104,233,107.6,295,-1.64,230
136,South Florida,Amer,10-13,2.7,106.7,145,104,151,68.3,120,-0.133,359,-0.41,168,104.6,193,105,151,-6.23,330
137,DePaul,BE,9-15,2.52,107.8,119,105.3,181,69,90,0.006,175,8.28,23,109.2,21,101,27,2.44,100
138,Richmond,A10,12-12,2.36,103.9,202,101.6,102,65,292,-0.049,288,-0.37,165,105.2,152,105.6,188,-2.5,255
139,Kennesaw St.,ASun,18-7,2.32,106.3,153,104,148,69,92,0.126,10,-1.05,189,105.6,139,106.6,250,4.8,48
140,George Mason,A10,13-11,2.21,104.8,185,102.6,118,66.3,225,-0.031,261,-0.93,185,105,168,105.9,205,-1.27,215
141,Louisiana Tech,CUSA,13-10,2.15,107,140,104.8,167,66.4,224,-0.026,251,0.93,118,105.5,140,104.6,128,0.77,150
142,UC Davis,BW,14-9,2.06,106.7,147,104.6,164,70.3,34,-0.026,250,-2.42,243,102.8,296,105.2,166,-0.63,185
143,Cal St. Fullerton,BW,13-12,1.86,102.3,233,100.4,86,64.5,307,-0.057,303,0.22,142,104.9,172,104.7,135,2.74,91
144,UNC Wilmington,CAA,19-6,1.83,103.4,213,101.6,103,64.6,306,0.152,3,-4.48,298,103.2,284,107.6,296,3.23,79
145,Long Beach St.,BW,14-10,1.81,105.5,170,103.7,142,73.1,3,0.039,99,0.82,122,104.5,198,103.7,97,5.83,32
146,Penn,Ivy,13-11,1.77,110.2,82,108.4,246,66.2,231,-0.017,227,-0.98,187,104.6,194,105.6,186,-0.72,194
147,Fordham,A10,18-5,1.7,102.6,230,100.9,91,69.6,56,0.131,8,-5.77,327,101.3,343,107.1,270,-12.11,363
148,Troy,SB,14-11,1.55,104,200,102.5,113,67.3,171,-0.052,296,-0.09,154,104.3,213,104.4,120,-0.15,178
149,Radford,BSth,16-9,1.28,104.1,199,102.8,124,65.2,280,-0.037,272,-3.77,276,104.2,220,108,314,1.21,139
150,South Alabama,SB,11-13,1.16,104.7,187,103.5,137,66.4,223,-0.106,352,0.54,131,104.6,190,104.1,106,5.72,34
151,UMass Lowell,AE,20-6,1.16,105.5,171,104.3,158,68.8,101,0.006,173,-10.53,360,98.5,359,109,347,-11.42,362
152,St. Bonaventure,A10,13-11,1.04,103.2,217,102.2,109,65.1,289,0.017,146,-0.58,175,104.7,188,105.2,170,-2.97,265
153,Missouri St.,MVC,12-12,1.02,105,179,104,150,62.4,351,-0.031,259,0.49,134,104.1,227,103.6,92,2.67,93
154,Portland,WCC,12-14,0.75,109.3,91,108.6,250,69,91,-0.039,276,3.4,88,107.5,67,104.1,108,-0.44,182
155,Ohio,MAC,12-11,0.75,110.1,83,109.3,266,67.8,138,-0.044,279,-1.28,202,106.2,113,107.5,290,0.68,153
156,Cal Baptist,WAC,13-11,0.68,104.1,198,103.4,135,63.8,326,-0.07,321,-3.36,262,102.9,291,106.3,228,-6.49,336
157,Longwood,BSth,16-9,0.61,103.8,205,103.2,129,66.1,240,-0.031,258,-7.07,345,102.7,301,109.7,360,-7.01,345
158,Siena,MAAC,15-9,0.5,103.9,203,103.4,133,66.5,214,-0.012,215,-4.2,289,102,330,106.2,223,-1.77,235
159,Ball St.,MAC,16-7,0.46,107.5,125,107.1,209,66.9,191,0.069,49,-3.44,265,104.8,183,108.2,328,-4.09,295
160,Air Force,MWC,12-12,0.4,105.7,165,105.3,180,62.7,349,-0.025,245,-0.82,183,105.3,146,106.1,218,-11.08,361
161,Stetson,ASun,13-10,0.39,112.1,53,111.7,313,63.7,329,0.03,117,0.6,127,106.5,103,105.8,202,6.94,21
162,UC Riverside,BW,15-9,0.35,106.2,157,105.9,189,66.9,190,0.104,18,0.06,148,104.4,206,104.3,114,4.64,49
163,Rider,MAAC,13-9,0.21,107.4,130,107.2,212,65.2,282,-0.002,193,-3.94,278,101.8,334,105.8,199,-0.79,197
164,Wyoming,MWC,7-15,0.03,108.9,99,108.9,259,65.7,256,-0.114,354,3.93,82,107,85,103.1,80,-0.71,193
165,Harvard,Ivy,12-11,-0.2,100.3,278,100.5,87,65.8,253,-0.046,282,-0.68,178,104.4,201,105.1,160,-1.41,221
166,Lipscomb,ASun,15-10,-0.21,103.4,214,103.6,138,68.9,96,-0.009,204,-3.32,261,104.7,185,108,319,-3.19,269
167,Fresno St.,MWC,8-14,-0.23,101.5,253,101.7,104,63.5,336,-0.014,220,5.6,59,108.9,33,103.3,85,2.05,110
168,Western Kentucky,CUSA,13-11,-0.27,105.9,160,106.2,198,67.4,164,0.013,155,-0.24,159,104.9,176,105.1,158,-3.24,270
169,Rice,CUSA,15-8,-0.35,108.8,100,109.2,264,69.7,55,0.113,15,-0.41,169,104.2,223,104.6,125,-6.35,332
170,Florida St.,ACC,8-16,-0.44,107.4,129,107.8,229,68.8,99,-0.015,221,5.81,56,108.4,40,102.6,70,3.17,80
171,Buffalo,MAC,11-12,-0.45,105,180,105.5,185,73,4,-0.025,244,1.39,116,106.7,95,105.3,174,5.99,30
172,Notre Dame,ACC,10-13,-0.45,110,84,110.5,289,64.2,315,-0.016,225,0.89,120,106.4,108,105.5,181,-2.59,256
173,Abilene Christian,WAC,13-11,-0.52,106.7,148,107.2,217,68.9,94,-0.008,202,-0.06,153,104.6,189,104.7,132,-1.24,214
174,Gardner Webb,BSth,13-11,-0.56,98.6,307,99.2,64,65.6,263,-0.086,338,-3.74,274,104.6,192,108.3,333,1.53,126
175,UTEP,CUSA,11-12,-0.58,97.7,317,98.3,55,66.5,218,-0.012,214,1.36,117,106.3,111,104.9,146,-2.2,245
176,UNC Asheville,BSth,18-7,-0.63,103.8,206,104.4,159,67.9,133,0.14,4,-4.39,296,102.6,307,107,268,-0.54,183
177,Boston College,ACC,11-13,-0.69,101.7,249,102.4,112,66.2,237,0.077,36,3.59,85,108.2,49,104.6,127,-3.47,276
178,Northern Iowa,MVC,12-12,-0.69,103.8,204,104.5,161,67.3,169,-0.037,271,-1.62,218,104.1,228,105.7,195,-1.66,231
179,Massachusetts,A10,13-10,-0.7,103.7,208,104.4,160,71.1,26,0.075,40,-0.18,156,104.4,203,104.6,129,-1.24,213
180,South Dakota St.,Sum,14-11,-0.84,104.4,193,105.2,178,66.8,196,0.081,30,0.17,143,105.8,131,105.7,192,8.86,10
181,Old Dominion,SB,14-10,-0.85,104.3,194,105.1,175,64.6,305,0.034,109,-1.81,226,103.9,240,105.7,196,-1.04,207
182,Appalachian St.,SB,13-12,-1,100.5,275,101.5,99,65.1,287,-0.026,247,-0.73,180,104.8,177,105.6,187,-0.96,203
183,Brown,Ivy,12-10,-1,100.8,268,101.8,105,68.5,114,0.002,185,-3.01,256,103,288,106,216,-3.75,286
184,Norfolk St.,MEAC,16-7,-1.08,109.2,94,110.3,287,65.1,284,0.124,12,-6.05,329,102,329,108,320,-0.67,189
185,New Mexico St.,WAC,9-14,-1.14,105.6,167,106.7,205,69.2,76,-0.086,337,3.55,86,106,123,102.4,61,4.96,46
186,Eastern Kentucky,ASun,16-9,-1.16,104.9,183,106,191,69.9,45,0.12,13,-0.97,186,103.9,242,104.9,144,3.08,82
187,Bryant,AE,15-8,-1.24,107.4,128,108.6,252,72.7,6,0.074,42,-3.54,267,103.4,278,106.9,266,2.24,107
188,Chattanooga,SC,12-13,-1.25,109.4,89,110.7,291,67.3,173,-0.072,326,-0.44,171,105.1,160,105.5,183,1.84,113
189,Cleveland St.,Horz,14-11,-1.34,104.8,184,106.1,195,64.7,300,-0.005,197,-3.94,279,104,235,107.9,313,0.46,157
190,Utah Tech,WAC,11-13,-1.38,105.8,163,107.2,215,70,44,-0.048,287,2.57,98,106.4,106,103.8,100,3.15,81
191,SMU,Amer,8-16,-1.47,102,241,103.5,136,69.1,84,-0.046,284,5.05,72,107.6,65,102.6,68,3.44,74
192,Florida Gulf Coast,ASun,14-11,-1.48,106.1,158,107.6,226,65.6,261,0.041,91,-2.51,245,104,236,106.5,240,1.39,134
193,Tarleton St.,WAC,13-11,-1.58,102.6,228,104.2,154,67.2,176,0.06,60,2.27,103,106.1,119,103.8,99,6.32,25
194,Detroit Mercy,Horz,10-15,-1.6,111.6,57,113.2,332,67.4,163,-0.109,353,-1.32,206,105,166,106.3,233,4.87,47
195,Navy,Pat,13-11,-1.64,105.5,169,107.2,214,64.8,297,-0.034,265,-5.18,314,102.1,323,107.3,286,-1.48,226
196,Texas A&M Corpus Chris,Slnd,15-9,-1.65,107,138,108.7,255,69.4,66,-0.026,252,-7.71,353,101.2,344,108.9,344,1.42,131
197,Montana,BSky,12-12,-1.75,106.6,151,108.3,243,63,345,-0.012,213,-1.64,220,105.4,142,107.1,271,2.67,94
198,Pepperdine,WCC,8-17,-1.76,104,201,105.7,188,72.3,10,-0.136,360,3.96,81,108.4,43,104.4,122,2.77,90
199,Wright St.,Horz,14-11,-1.89,103.4,212,105.3,182,71.8,16,-0.066,315,-5.47,321,103.2,283,108.7,341,-1.71,232
200,Pacific,WCC,12-13,-2.16,107.1,135,109.2,265,69.8,51,0.037,103,0.23,141,105.7,136,105.4,179,-4.93,316
201,Northwestern St.,Slnd,16-8,-2.18,105.9,161,108,234,66.5,217,0.1,19,-5.38,318,103.8,248,109.2,352,3.97,64
202,Saint Joseph's,A10,11-12,-2.23,103,221,105.3,179,69,86,-0.015,222,-2.52,246,104,232,106.5,244,-4.91,315
203,Murray St.,MVC,13-11,-2.24,106.2,156,108.5,248,66.6,207,0.083,29,0.01,151,104.9,173,104.9,147,0.01,167
204,Oregon St.,P12,9-15,-2.31,100.8,266,103.1,127,63.4,338,0.003,181,6.41,46,107.2,78,100.8,24,-5.65,323
205,Drexel,CAA,13-11,-2.61,102,243,104.6,162,63.6,334,-0.056,302,-6.18,332,101.5,342,107.7,299,-1.78,236
206,Weber St.,BSky,12-11,-2.64,99.9,286,102.5,115,65.1,286,0.04,95,0.12,146,106.1,117,106,213,4.23,61
207,Northern Kentucky,Horz,15-10,-2.66,100.5,276,103.1,126,62.3,353,0.045,89,-4.55,299,103.7,257,108.3,330,2.9,86
208,Queens,ASun,16-9,-2.85,108.6,107,111.5,305,69.3,67,0.032,115,-4.4,297,103.7,259,108.1,324,-3.05,267
209,Georgia Tech,ACC,8-15,-2.85,101.2,261,104.1,152,66.5,216,-0.046,283,5.89,55,108.9,32,103,79,-1.35,218
210,Milwaukee,Horz,16-7,-2.94,102.2,234,105.1,177,71.7,17,0.125,11,-4.08,284,103.7,255,107.8,309,0.96,146
211,FIU,CUSA,12-12,-2.98,102.2,235,105.1,176,69.9,46,0.043,90,0.89,119,106,121,105.1,163,-7.77,351
212,Texas St.,SB,11-14,-3.2,100.9,265,104.1,153,63.9,325,0.037,102,0.82,123,105.1,157,104.3,115,-0.72,195
213,Georgetown,BE,6-18,-3.23,105.5,168,108.8,257,67.8,137,-0.075,328,6.13,52,109.2,23,103,78,-4.5,306
214,East Carolina,Amer,12-12,-3.25,103.3,215,106.6,203,67,184,0.018,141,-2.72,252,103.8,254,106.5,239,-9.23,358
215,St. Thomas,Sum,16-10,-3.33,108.8,101,112.2,319,65.3,277,0.048,85,-4.98,310,102.8,298,107.8,306,-2.24,249
216,Grambling St.,SWAC,14-8,-3.37,99.9,284,103.3,130,67.4,162,0.071,47,-5.67,325,100.6,354,106.3,229,3.43,75
217,North Carolina Central,MEAC,10-11,-3.38,102.7,226,106.1,193,67.2,175,-0.089,342,-1.13,196,103.6,263,104.8,139,6.34,24
218,San Diego,WCC,11-14,-3.45,111.2,64,114.7,344,68.7,104,-0.005,198,0.58,128,105.5,141,104.9,148,-2.59,258
219,George Washington,A10,11-12,-3.51,108.1,112,111.6,310,69,87,-0.021,238,-2.17,236,103.3,280,105.5,180,-5.56,322
220,SIU Edwardsville,OVC,16-9,-3.63,100.6,272,104.2,155,68.7,105,0.021,139,-6.14,331,102.8,297,108.9,345,0.28,162
221,Rhode Island,A10,8-14,-3.74,100.5,273,104.3,157,67.3,170,-0.011,210,-0.38,166,103.9,245,104.2,112,-1.28,216
222,Minnesota,B10,7-15,-3.83,100.1,282,104,146,64.9,295,0.03,118,7.67,31,108.1,50,100.5,19,-6.18,329
223,Purdue Fort Wayne,Horz,15-10,-3.88,102.1,240,106,190,68.6,111,0.062,59,-4.17,288,103.9,243,108.1,323,-0.66,187
224,Sacramento St.,BSky,12-12,-3.9,105.8,164,109.7,270,61.7,358,0.024,129,-1.1,192,105.1,162,106.2,224,3.24,78
225,Jacksonville,ASun,12-11,-4.21,101.9,244,106.1,196,61.4,361,0.047,87,0.55,130,107,83,106.5,241,6.19,26
226,Wofford,SC,13-12,-4.3,107.9,115,112.2,320,65.3,275,0.017,144,-1.59,212,104.8,179,106.4,234,-1.04,208
227,Delaware,CAA,12-13,-4.54,103.1,218,107.7,227,66.9,192,0.005,176,-2.13,234,105,170,107.1,274,-0.05,170
228,Georgia Southern,SB,12-13,-4.61,100.7,269,105.3,183,65.7,254,-0.008,201,-1.59,214,105,165,106.6,249,-3.69,283
229,American,Pat,15-8,-4.65,103.5,210,108.1,236,63.1,342,0.076,39,-7.25,349,101.5,341,108.8,342,-7.88,352
230,UMBC,AE,15-10,-4.91,108.5,110,113.4,333,67.6,148,0.052,74,-6.91,343,101,348,107.9,312,-7.5,348
231,East Tennessee St.,SC,9-16,-5.04,99.9,285,105,171,66.3,226,-0.169,362,-4.21,291,104.8,178,109.1,348,-4.61,308
232,Army,Pat,13-12,-5.2,104.9,182,110.1,286,68.1,127,-0.081,333,-7.52,351,100.5,355,108,318,-7.33,347
233,Loyola Chicago,A10,8-14,-5.39,103,222,108.4,245,65.4,272,-0.022,240,-0.05,152,105.2,156,105.2,168,-3.8,289
234,North Dakota St.,Sum,9-15,-5.39,105.3,174,110.7,293,67.7,146,-0.069,320,-0.66,177,106.4,107,107,269,6.1,28
235,Niagara,MAAC,13-9,-5.59,101.5,252,107.1,211,62.2,354,0.131,9,-4.24,292,102.6,303,106.9,265,-4.42,304
236,Mercer,SC,12-13,-5.61,101.6,250,107.2,216,64.7,301,-0.019,232,-3.14,259,103.7,261,106.8,263,-2.19,244
237,Howard,MEAC,14-10,-5.64,101.9,245,107.5,225,69.3,70,0.078,33,-4.07,283,102.9,294,106.9,267,0.31,160
238,Southern,SWAC,12-11,-5.79,99.1,298,104.9,170,71.9,15,0.03,119,-3.4,264,102.7,299,106.1,222,8.41,11
239,La Salle,A10,10-13,-5.93,101,264,106.9,207,67.6,154,0.075,41,-1.05,190,104.4,200,105.5,182,-2.23,247
240,Portland St.,BSky,10-14,-6.04,102.6,229,108.7,254,71.7,19,0.023,131,0.52,133,106.3,110,105.8,198,5.12,42
241,Fairfield,MAAC,10-13,-6.16,98.5,309,104.7,165,64.6,304,0.008,166,-2.86,253,102.9,292,105.8,200,-0.71,192
242,Winthrop,BSth,11-14,-6.21,107.2,131,113.4,334,66.2,239,0.009,162,-1.79,224,104.5,197,106.3,231,3.34,77
243,South Carolina,SEC,8-15,-6.25,101.9,246,108.1,237,64.2,317,0.055,68,4.25,80,107.3,72,103,77,-3.41,275
244,Maryland Eastern Shore,MEAC,14-8,-6.27,97.4,322,103.7,140,68,131,0.168,1,-1.24,199,104.2,218,105.4,178,5.25,40
245,Georgia St.,SB,10-14,-6.39,97,326,103.4,132,66.8,197,-0.056,301,-1.8,225,103.5,273,105.3,173,-5.21,318
246,Nicholls St.,Slnd,11-11,-6.41,101.7,248,108.1,238,69.7,52,0.052,72,0.25,140,106.7,98,106.4,235,13.98,3
247,Western Carolina,SC,13-12,-6.6,102.4,231,109,261,67.8,135,0.011,159,-4.09,286,103.7,258,107.8,308,-3.74,284
248,Southeast Missouri St.,OVC,13-12,-6.65,101.3,256,108,232,72.4,9,0.015,151,-5.57,322,102.6,305,108.2,329,1.76,117
249,California,P12,3-20,-6.79,99.7,289,106.5,202,62.1,356,-0.117,356,6.51,45,107.4,68,100.9,26,1.15,143
250,Northern Illinois,MAC,10-13,-6.82,101.4,254,108.3,240,68.6,112,0.037,104,-0.25,160,105.6,138,105.9,203,2.35,103
251,UMKC,Sum,10-15,-6.85,98.5,310,105.4,184,63.7,333,-0.017,228,-2.64,249,105.3,145,108,315,1.99,111
252,Lehigh,Pat,14-9,-6.93,99.2,297,106.1,194,69.8,50,0.131,7,-5.3,316,102.2,318,107.5,292,-0.42,181
253,Maine,AE,10-13,-6.96,101.8,247,108.8,258,65.8,252,-0.056,300,-2.98,255,102.6,302,105.6,191,0,168
254,North Florida,ASun,10-14,-6.99,107.8,121,114.8,345,67.9,134,0.014,153,0.57,129,106.7,97,106.1,219,6.03,29
255,Illinois St.,MVC,10-15,-7.05,101.3,257,108.3,244,64.5,308,0.004,178,-3.79,277,102.9,293,106.7,255,-6.56,341
256,UT Rio Grande Valley,WAC,12-12,-7.08,102.6,227,109.7,273,72.9,5,0.088,27,-0.42,170,105.8,132,106.2,227,-5.19,317
257,Alcorn St.,SWAC,11-11,-7.19,101.3,255,108.5,249,66.7,205,0.12,14,-1.26,200,101.7,337,103,76,9.03,9
258,Southern Indiana,OVC,13-12,-7.2,103.7,207,110.9,296,69.4,64,-0.024,243,-6.55,339,102,326,108.6,337,-0.17,179
259,Northern Colorado,BSky,7-16,-7.2,105.4,172,112.6,324,69.1,83,0.032,116,1.4,115,106.7,94,105.3,175,4.98,44
260,Northern Arizona,BSky,6-18,-7.31,104.2,195,111.6,309,66.5,215,-0.052,295,2.6,97,106.9,87,104.4,119,7.38,18
261,Louisiana Monroe,SB,11-14,-7.34,99.8,288,107.1,210,66.2,235,0.022,136,0.4,136,105,169,104.6,126,1.41,133
262,Idaho St.,BSky,8-15,-7.41,102.1,238,109.5,268,65.3,278,-0.104,349,-2.32,239,104.4,202,106.8,261,-1.1,209
263,Oakland,Horz,10-15,-7.41,104.6,188,112,318,68.2,123,0.05,79,-0.25,161,105.7,137,105.9,206,6.15,27
264,Bowling Green,MAC,10-13,-7.52,104.8,186,112.3,321,69.2,77,-0.05,289,-4.63,301,104.7,187,109.3,353,-4.91,314
265,Tulsa,Amer,5-17,-7.54,102.3,232,109.9,277,68.6,113,-0.053,297,2.71,95,106.1,120,103.3,88,-2.41,254
266,Bellarmine,ASun,11-14,-7.55,102.1,237,109.7,272,61.6,360,0.026,125,0.13,145,105.8,133,105.7,193,5.72,35
267,Morehead St.,OVC,16-9,-7.79,100.5,274,108.3,242,64.2,316,0.167,2,-4.88,305,103.1,285,108,317,4.25,59
268,Jacksonville St.,ASun,10-15,-7.8,100.8,267,108.6,251,65.1,285,-0.045,281,-1.68,221,105.1,163,106.7,260,1.17,141
269,Western Illinois,Sum,15-9,-7.84,102.9,223,110.7,292,66.7,202,0.132,6,-5.6,323,103.8,250,109.4,356,-2.91,263
270,Campbell,BSth,10-14,-7.84,102.1,239,109.9,281,64.1,319,-0.035,268,-3.64,271,103.1,287,106.7,254,-1.5,227
271,Robert Morris,Horz,11-14,-7.87,98.6,308,106.5,201,66.2,234,-0.04,277,-4.32,294,103.4,277,107.7,301,-2,240
272,UT Arlington,WAC,8-16,-8.1,99.3,295,107.4,223,65.4,271,-0.029,257,1.96,108,104.9,175,102.9,74,4.23,60
273,Lafayette,Pat,7-18,-8.19,95.3,344,103.4,134,62.2,355,-0.09,343,-1.74,222,105,171,106.7,257,4.06,62
274,Southeastern Louisiana,Slnd,14-10,-8.2,104.5,189,112.7,328,68.6,110,0.099,20,-5.05,312,103.5,275,108.5,336,4.52,53
275,North Alabama,ASun,14-11,-8.25,105.4,173,113.6,336,68.3,121,0.132,5,-2.32,240,104.4,205,106.7,259,-0.67,188
276,Valparaiso,MVC,10-15,-8.43,98.8,303,107.2,218,67.7,140,0.017,142,-2.34,241,104.2,219,106.5,243,-4.09,296
277,New Hampshire,AE,11-11,-8.51,97.7,318,106.2,197,64.3,312,0.011,160,-5.4,320,102.3,315,107.7,300,-4.68,310
278,Tennessee Martin,OVC,15-10,-8.65,101.1,263,109.7,274,70.9,30,0.071,46,-7.47,350,101.7,338,109.1,349,-2.24,250
279,Charleston Southern,BSth,8-15,-8.79,108.7,104,117.5,360,65.1,288,-0.09,344,-2.69,251,103.5,269,106.2,226,1.83,114
280,Chicago St.,ind,8-17,-8.83,103.5,209,112.4,322,64.1,318,-0.045,280,0.64,125,105.8,130,105.2,165,1.61,122
281,Coastal Carolina,SB,10-14,-8.84,104.1,197,113,330,67.7,145,0.038,101,-1.19,198,104.7,184,105.9,207,-2.76,261
282,Northeastern,CAA,8-14,-8.99,99.3,296,108.3,241,67.4,165,-0.02,233,-4.64,303,102.5,310,107.1,275,-0.99,204
283,Idaho,BSky,9-16,-9.1,105.3,177,114.4,341,66.1,241,-0.088,340,-4.3,293,103.5,274,107.8,307,-6.63,342
284,Dartmouth,Ivy,8-15,-9.26,97.2,324,106.4,200,68.2,125,-0.011,211,-1.3,204,103.8,249,105.1,162,-3.17,268
285,Canisius,MAAC,5-17,-9.31,100.6,270,109.9,279,67.6,149,-0.071,324,-0.52,172,105,164,105.6,185,4.34,56
286,North Carolina A&T,CAA,11-14,-9.38,101.5,251,110.9,295,69.6,58,0.059,61,-0.62,176,104.2,217,104.8,142,5.86,31
287,Denver,Sum,13-13,-9.46,101.3,258,110.7,294,68.1,130,0.048,84,-5.83,328,103.8,251,109.6,358,-8.31,353
288,Prairie View A&M,SWAC,8-15,-9.56,93.1,353,102.6,120,67.6,152,-0.054,298,-4.03,282,102,328,106,215,5.33,39
289,Illinois Chicago,MVC,10-15,-9.58,97.4,323,106.9,208,68.8,102,0.01,161,-3.77,275,102.2,317,106,214,-9.58,359
290,USC Upstate,BSth,10-13,-9.75,98.7,306,108.5,247,67.5,161,0.051,76,-2.11,233,104.5,199,106.6,247,1.89,112
291,Mount St. Mary's,MAAC,8-16,-9.82,96.5,334,106.3,199,65.6,264,-0.036,270,-3.68,272,102.4,311,106.1,220,-2.09,243
292,Morgan St.,MEAC,12-11,-9.86,96.7,330,106.6,204,69.8,48,0.066,52,-3.69,273,103.8,253,107.5,289,2.49,99
293,Boston University,Pat,11-14,-9.93,98.7,305,108.6,253,65.7,255,0.003,180,-5.36,317,101.7,335,107.1,273,-4.09,297
294,Louisville,ACC,3-20,-10.11,99.1,299,109.2,263,67.3,172,-0.047,285,4.29,78,107.5,66,103.2,84,1.66,119
295,UC San Diego,BW,8-16,-10.24,98.9,302,109.1,262,65,293,0.053,71,-0.28,162,105.3,147,105.6,184,1.83,115
296,Miami OH,MAC,7-16,-10.51,104.1,196,114.7,343,67.6,151,-0.087,339,-1.59,213,105.2,151,106.8,264,-1.47,225
297,Cal St. Bakersfield,BW,8-15,-10.56,96.7,331,107.3,219,62.4,352,0.016,147,0.03,149,104.4,208,104.3,116,0.16,164
298,Bucknell,Pat,10-15,-10.6,99.3,293,109.9,280,67.1,183,-0.05,291,-7.75,354,99.8,357,107.5,291,-6.9,343
299,Wagner,NEC,12-9,-10.62,97.5,321,108.1,235,63,346,0.056,64,-10.33,359,98.2,360,108.5,334,-2.39,252
300,Manhattan,MAAC,8-14,-10.78,98.2,314,108.9,260,67,186,0.014,152,-4.96,307,102.2,321,107.2,276,-5.36,319
301,Saint Peter's,MAAC,9-13,-10.93,97,327,107.9,231,63.1,343,0.025,126,-5.15,313,101.2,346,106.3,232,-7.58,349
302,Tennessee Tech,OVC,11-14,-11.27,100.3,279,111.5,308,66.1,242,0.002,184,-5.4,319,101.9,333,107.3,281,1.57,124
303,South Dakota,Sum,11-14,-11.38,102,242,113.4,335,66.4,220,0.065,55,-3.09,257,104.1,229,107.2,279,2.08,109
304,North Dakota,Sum,8-17,-11.46,101.2,260,112.7,327,66.3,227,-0.052,294,-2.38,242,104.8,180,107.2,277,0.07,165
305,Texas A&M Commerce,Slnd,11-13,-11.48,98.5,311,110,282,64.8,298,0.074,43,-6.38,335,102.8,295,109.2,350,1.44,130
306,High Point,BSth,11-13,-11.51,100.2,280,111.7,312,72.1,13,0.076,37,-4.57,300,103.6,268,108.1,325,-4.19,299
307,Eastern Michigan,MAC,6-17,-11.53,103.4,211,115,348,70.1,39,-0.033,264,-1.33,207,105.8,128,107.2,278,-0.15,177
308,Western Michigan,MAC,6-17,-11.58,104.4,192,116,355,65.7,260,-0.063,308,-0.4,167,105.2,150,105.6,190,1.18,140
309,Tennessee St.,OVC,14-11,-11.62,100.4,277,112,316,69.6,57,0.024,130,-10.11,358,100.2,356,110.3,362,-8.49,355
310,Marist,MAAC,8-14,-11.67,96,337,107.7,228,65.2,279,-0.001,189,-6.64,341,100.7,353,107.3,285,-8.92,357
311,Cal Poly,BW,7-17,-11.77,95.4,341,107.2,213,63.3,339,-0.068,318,-0.52,173,104.1,224,104.7,130,-0.63,186
312,Austin Peay,ASun,8-17,-11.79,97.9,316,109.7,271,65.2,281,-0.071,323,-1.53,210,105.2,155,106.7,256,1.6,123
313,Nebraska Omaha,Sum,7-18,-11.94,102.1,236,114.1,340,67.5,159,0.007,170,0.88,121,106.1,118,105.2,171,8.1,13
314,Arkansas Pine Bluff,SWAC,10-13,-12.34,95,347,107.4,221,69.9,47,0.02,140,-0.99,188,102.1,324,103.1,81,13.99,2
315,Arkansas St.,SB,10-15,-12.42,97.6,319,110.1,284,63.3,340,-0.002,191,-4.02,281,102.6,306,106.6,251,-10.11,360
316,Fairleigh Dickinson,NEC,14-11,-12.5,106.9,141,119.4,362,69.3,71,0.068,50,-11.1,361,97.8,361,108.9,343,-5.89,325
317,UTSA,CUSA,7-18,-12.53,101.2,262,113.7,337,67.6,155,0.004,177,0.69,124,104.3,209,103.6,95,-6.36,333
318,The Citadel,SC,9-16,-12.59,100,283,112.6,325,67.5,157,0.008,167,-3.98,280,103.7,262,107.6,297,-3.29,271
319,William & Mary,CAA,9-16,-12.69,101.2,259,113.9,339,65.4,274,0.055,65,-1.17,197,105.1,158,106.3,230,2.31,104
320,Binghamton,AE,9-13,-12.71,98.8,304,111.5,306,66,246,0.034,111,-4.96,308,102.9,290,107.9,311,-4.83,311
321,Texas Southern,SWAC,7-16,-12.8,95.4,342,108.2,239,69.3,68,0.003,182,-2.18,238,102.6,308,104.7,138,10.83,4
322,Sacred Heart,NEC,13-13,-12.86,98.4,312,111.2,301,69.7,54,0.036,105,-11.82,362,97.4,362,109.2,351,-7.16,346
323,Central Michigan,MAC,8-15,-12.91,95.1,346,108,233,67.5,158,0.016,149,-2.09,232,105.3,144,107.4,288,-1.29,217
324,Elon,CAA,5-19,-13.03,99,300,112,317,66.7,203,-0.061,306,-1.53,209,103.5,271,105.1,154,-1.47,224
325,Cal St. Northridge,BW,5-18,-13.28,96.1,336,109.4,267,64.4,310,0.007,171,-0.58,174,104.3,210,104.9,145,-3.48,277
326,Jackson St.,SWAC,6-17,-13.34,98.3,313,111.6,311,69,89,0.039,96,-0.21,157,103.6,264,103.8,101,9.72,5
327,Alabama A&M,SWAC,9-14,-13.45,95.3,343,108.7,256,70.2,37,-0.022,239,-7.23,348,100.9,349,108.2,327,1.16,142
328,Stonehill,NEC,12-14,-13.86,96.3,335,110.1,285,66.9,189,0.105,17,-7.63,352,100.9,351,108.5,335,0.5,156
329,Little Rock,OVC,7-18,-13.92,102.8,224,116.7,358,70.3,33,-0.055,299,-6.26,334,101.9,332,108.2,326,-0.69,191
330,Central Arkansas,ASun,8-17,-14.02,99.8,287,113.8,338,72.1,12,0.076,38,-1.63,219,105.9,124,107.6,294,-0.84,198
331,NJIT,AE,6-16,-14.24,96.8,328,111,299,66.1,245,-0.027,254,-4.64,304,103.7,260,108.3,332,-3.87,290
332,Stony Brook,CAA,8-16,-14.41,98.1,315,112.5,323,63.1,344,0.035,106,-2.54,247,103.4,276,106,208,2.58,96
333,Holy Cross,Pat,8-17,-14.6,95.2,345,109.8,276,67.6,147,-0.02,235,-5.6,324,101.2,345,106.8,262,-4.46,305
334,Presbyterian,BSth,5-20,-15.07,96.5,333,111.5,307,63.8,327,-0.098,347,-4.21,290,103.5,270,107.8,305,-4.01,294
335,St. Francis PA,NEC,8-15,-15.08,100.1,281,115.2,349,68.7,103,-0.066,316,-7.23,347,100.7,352,108,316,0.94,148
336,Central Connecticut,NEC,6-19,-15.19,96.7,329,111.9,315,64,321,-0.122,358,-8.66,356,99.2,358,107.9,310,-1.74,234
337,Incarnate Word,Slnd,11-13,-15.21,95.8,338,111,298,66.9,193,0.052,73,-7.82,355,101.7,336,109.5,357,-3.04,266
338,Merrimack,NEC,9-16,-15.39,88.3,362,103.7,139,65.3,276,-0.003,194,-6.68,342,101.9,331,108.6,339,2.72,92
339,McNeese St.,Slnd,5-19,-15.55,99.4,292,114.9,347,66.2,233,-0.079,331,-2.45,244,104.3,214,106.7,258,7.94,14
340,Loyola MD,Pat,8-17,-15.69,95.6,340,111.3,302,65.1,290,0,188,-5.23,315,102.5,309,107.7,303,-3.75,287
341,Bethune Cookman,SWAC,9-14,-16.01,97.2,325,113.2,331,69.3,69,0.051,77,-6.21,333,102.1,325,108.3,331,-0.68,190
342,Lindenwood,OVC,9-16,-16.09,95.7,339,111.8,314,66.5,212,-0.016,224,-5.76,326,102.3,314,108.1,322,2.37,102
343,Coppin St.,MEAC,6-18,-16.16,99.6,290,115.8,351,72.7,7,0.073,44,-0.23,158,104.8,181,105,152,4.37,55
344,Columbia,Ivy,6-18,-16.31,93.6,350,109.9,278,69.2,75,0,187,-2.18,237,103.9,244,106,217,-6.17,328
345,VMI,SC,6-19,-16.51,99.3,294,115.9,353,66.5,213,-0.01,206,-1.61,216,104.4,207,106,212,-1.03,206
346,Albany,AE,6-19,-16.93,98.9,301,115.8,352,66.9,194,-0.035,267,-1.6,215,104.2,216,105.8,201,1.78,116
347,Alabama St.,SWAC,6-17,-17.01,93.9,349,110.9,297,66.7,204,0.008,164,-2.97,254,102.7,300,105.7,194,6.61,23
348,Hampton,CAA,6-18,-17.05,97.6,320,114.6,342,68.4,117,-0.002,192,-4.16,287,103.6,267,107.7,304,-1.55,228
349,South Carolina St.,MEAC,3-20,-17.33,99.5,291,116.8,359,71.6,22,-0.038,274,0.28,139,106.2,112,106,211,3.66,70
350,Evansville,MVC,4-21,-17.78,92.9,354,110.6,290,69.2,73,0.003,179,-0.75,181,104.1,226,104.9,143,-2.07,241
351,Houston Christian,Slnd,7-17,-17.87,103.1,219,121,363,70.5,32,-0.048,286,-6.06,330,103.3,279,109.4,354,0.29,161
352,Eastern Illinois,OVC,7-18,-18.03,93.4,351,111.5,304,67.8,136,0.006,174,-7.21,346,102.2,320,109.4,355,-2.64,259
353,Monmouth,CAA,4-20,-18.22,91.5,357,109.7,275,67.8,139,0.017,143,2.55,100,106.9,91,104.3,113,7.02,20
354,New Orleans,Slnd,6-16,-18.32,96.6,332,114.9,346,70.7,31,-0.08,332,-7.04,344,103,289,110,361,2.57,97
355,St. Francis NY,NEC,12-12,-19.97,91.3,358,111.3,303,66.1,244,0.092,24,-13.8,363,96.9,363,110.7,363,-8.67,356
356,Delaware St.,MEAC,4-17,-19.97,92.7,355,112.6,326,66.5,211,0.021,137,-1.13,195,104.2,221,105.3,172,3.49,73
357,Florida A&M,SWAC,5-16,-19.99,90,360,110,283,64,320,0.002,186,-0.34,164,104,230,104.4,121,14.26,1
358,Mississippi Valley St.,SWAC,3-21,-20.81,92,356,112.9,329,66.6,210,-0.024,242,-0.33,163,104,234,104.3,118,9.15,7
359,Lamar,Slnd,7-17,-21.52,94.4,348,116,354,66.2,238,0.038,100,-6.41,336,102.2,319,108.7,340,-1.39,220
360,IUPUI,Horz,4-21,-23.5,93.2,352,116.7,357,66.6,206,-0.088,341,-6.6,340,102,327,108.6,338,-6.44,334
361,Hartford,ind,5-19,-27.62,88.8,361,116.4,356,65.6,262,-0.041,278,-8.74,357,100.9,350,109.7,359,-8.45,354
362,Green Bay,Horz,2-22,-27.78,91.3,359,119.1,361,65,291,0.022,134,-1.9,229,104.3,211,106.2,225,2.16,108
363,LIU,NEC,3-20,-28.72,86.9,363,115.6,350,71.9,14,-0.012,216,-6.48,337,101.6,340,108,321,5.82,33
